<Ui xmlns="http://www.blizzard.com/wow/ui/" xmlns:xsi="http://www.w3.org/2001/XMLSchema-instance" xsi:schemaLocation="http://www.blizzard.com/wow/ui/
..\FrameXML\UI.xsd">
	<Script file="PVPTimer.lua"/>

	<Frame name="PVPT_GeneralScripts" hidden="true">
		<Scripts>     
			<OnLoad> 
				PVPT_OnLoad(); 
			</OnLoad>
			<OnEvent>
				PVPT_OnEvent(event);
			</OnEvent>
		</Scripts>
	</Frame>

	<!-- Frame for quest timer -->
	<Frame name="PVPT_Timer" hidden="true">
		<Scripts>     
			<OnLoad>
				self.TimeSinceLastUpdate = 0
			</OnLoad>
			<OnUpdate>
				PVPT_waitTimer(self,elapsed,PVPT_whatTimer);
			</OnUpdate>
		</Scripts>
	</Frame>

	<Frame name="PVPT1" toplevel="true" parent="UIParent" frameStrata="DIALOG" hidden="true" enableMouse="true" movable="true">
		<Size>
			<AbsDimension x="50" y="45"/>
		</Size>
		<Anchors>
			<Anchor point="CENTER"/>
		</Anchors>
		<Backdrop edgeFile="Interface\DialogFrame\UI-DialogBox-Border">
			<EdgeSize>
				<AbsValue val="20"/>
			</EdgeSize>
		</Backdrop>
		<Layers>
			<Layer level="BACKGROUND">
				<Texture name="PVPT_Color">
					<Size>
						<AbsDimension x="40" y="35"/>
					</Size>
					<Anchors>
						<Anchor point="CENTER">
							<Offset>
								<AbsDimension x="0" y="0"/>
							</Offset>
						</Anchor>
					</Anchors>
					<Color r="1.0" g="1.0" b="1.0"/>
				</Texture>
			</Layer>
		</Layers>
			<Frames>
				<SimpleHTML name="PVPT_textTime">
					<Size>
						<AbsDimension x="40" y="35"/>
					</Size>
					<Anchors>
						<Anchor point="CENTER">
							<Offset>
								<AbsDimension x="5" y="-10"/>
							</Offset>
						</Anchor>
					</Anchors>
					<FontString justifyV="CENTER" justifyH="CENTER" font="Fonts\MORPHEUS.ttf">
						<FontHeight>
							<AbsValue val="12"/>
						</FontHeight>
						<Size>
							<AbsDimension x="0" y="0"/>
						</Size>
					</FontString>
				</SimpleHTML>
			</Frames>
		<Scripts>
			<OnLoad>
				this:RegisterForDrag("LeftButton");
			</OnLoad>
			<OnDragStart>
				this:StartMoving()
			</OnDragStart>
			<OnDragStop>
				this:StopMovingOrSizing()
			</OnDragStop>
		</Scripts>
	</Frame>	
</Ui>