<Ui xmlns:xsi="http://www.w3.org/2001/XMLSchema-instance" xmlns:xsd="http://www.w3.org/2001/XMLSchema" xmlns="http://www.blizzard.com/wow/ui/">
	<Script file="Abigail.lua" />
	<Include file="AbigailTemplates.xml" />
	<Include file="AbigailShopping.xml" />
	<Include file="AbigailSelling.xml" />
	<Frame name="abiHomeScreenFrame" enableMouse="true">
		<Size x="813" y="343" />
		<Anchors>
			<Anchor point="TOPLEFT">
				<Offset x="108" y="-24" />
			</Anchor>
		</Anchors>
		<Scripts>
			<OnUpdate>abiHomeScreenFrameUpdate(self,elapsed)</OnUpdate>
			<OnLoad>abiHomeScreenFrame_OnLoad()</OnLoad>
			<OnEvent>abiHomeScreenFrame_OnEvent(self,event,...)</OnEvent>
		</Scripts>
		<Layers>
			<Layer>
				<FontString name="FontString21" inherits="GameFontNormalLarge" text="Current Prices Only" justifyH="LEFT">
					<Size x="250" y="21" />
					<Anchors>
						<Anchor point="TOPLEFT">
							<Offset x="504" y="-234" />
						</Anchor>
					</Anchors>
				</FontString>
				<FontString name="FontString23" inherits="GameFontNormalLarge" text="Suggest Auction Prices" justifyH="LEFT">
					<Size x="250" y="21" />
					<Anchors>
						<Anchor point="TOPLEFT">
							<Offset x="504" y="-302" />
						</Anchor>
					</Anchors>
				</FontString>
				<FontString name="FontString24" inherits="GameFontNormalLarge" text="by Buyout" justifyH="RIGHT">
					<Size x="95" y="21" />
					<Anchors>
						<Anchor point="TOPLEFT">
							<Offset x="685" y="-245" />
						</Anchor>
					</Anchors>
				</FontString>

				<FontString name="abiBargainsString" inherits="GameFontNormalLarge" text="Bargains Found : Nil" justifyH="LEFT">
					<Size x="284" y="28" />
					<Anchors>
						<Anchor point="TOPLEFT">
							<Offset x="100" y="27" />
						</Anchor>
					</Anchors>
				</FontString>
				<FontString name="abiSettingsTitle" inherits="GameFontNormalLarge" text="User Defined Settings">
					<Size x="284" y="20" />
					<Anchors>
						<Anchor point="TOPLEFT">
							<Offset x="480" y="-16" />
						</Anchor>
					</Anchors>
				</FontString>
				<FontString name="SettingsString4" inherits="GameFontNormal" text="|cffffffffGold Profit" justifyH="RIGHT">
					<Size x="114" y="21" />
					<Anchors>
						<Anchor point="TOPLEFT">
							<Offset x="354" y="-167" />
						</Anchor>
					</Anchors>
				</FontString>
				<FontString name="SettingsString5" inherits="GameFontNormal" text="|cffffffffMax % Deviation" justifyH="RIGHT">
					<Size x="114" y="21" />
					<Anchors>
						<Anchor point="TOPLEFT">
							<Offset x="354" y="-206" />
						</Anchor>
					</Anchors>
				</FontString>
				<FontString name="SettingsString2" inherits="GameFontNormal" text="|cffffffffMaximum Spend" justifyH="RIGHT">
					<Size x="114" y="21" />
					<Anchors>
						<Anchor point="TOPLEFT">
							<Offset x="354" y="-89" />
						</Anchor>
					</Anchors>
				</FontString>
				<FontString name="SettingsString3" inherits="GameFontNormal" text="|cffffffffPercent Profit" justifyH="RIGHT">
					<Size x="114" y="21" />
					<Anchors>
						<Anchor point="TOPLEFT">
							<Offset x="354" y="-128" />
						</Anchor>
					</Anchors>
				</FontString>
				<FontString name="FontString7" inherits="GameFontNormalLarge" text="Classes To Search For" justifyH="LEFT">
					<Size x="262" y="20" />
					<Anchors>
						<Anchor point="TOPLEFT">
							<Offset x="60" y="-16" />
						</Anchor>
					</Anchors>
				</FontString>
				<FontString name="SettingsString1" inherits="GameFontNormal" text="|cffffffffMinimum Spend" justifyH="RIGHT">
					<Size x="114" y="21" />
					<Anchors>
						<Anchor point="TOPLEFT">
							<Offset x="354" y="-50" />
						</Anchor>
					</Anchors>
					<Color r="1" g="1" b="0" />
				</FontString>
				<FontString name="ClassString1" inherits="GameFontNormal" text="|cffffffffWeapon" justifyH="LEFT">
					<Size x="100" y="21" />
					<Anchors>
						<Anchor point="TOPLEFT">
							<Offset x="60" y="-50" />
						</Anchor>
					</Anchors>
				</FontString>
				<FontString name="ClassString2" inherits="GameFontNormal" text="|cffffffffArmor" justifyH="LEFT">
					<Size x="100" y="21" />
					<Anchors>
						<Anchor point="TOPLEFT">
							<Offset x="60" y="-77" />
						</Anchor>
					</Anchors>
				</FontString>
				<FontString name="ClassString3" inherits="GameFontNormal" text="|cffffffffContainer" justifyH="LEFT">
					<Size x="100" y="21" />
					<Anchors>
						<Anchor point="TOPLEFT">
							<Offset x="60" y="-104" />
						</Anchor>
					</Anchors>
				</FontString>
				<FontString name="ClassString4" inherits="GameFontNormal" text="|cffffffffConsumable" justifyH="LEFT">
					<Size x="100" y="21" />
					<Anchors>
						<Anchor point="TOPLEFT">
							<Offset x="60" y="-131" />
						</Anchor>
					</Anchors>
				</FontString>
				<FontString name="ClassString5" inherits="GameFontNormal" text="|cffffffffGlyph" justifyH="LEFT">
					<Size x="100" y="21" />
					<Anchors>
						<Anchor point="TOPLEFT">
							<Offset x="60" y="-158" />
						</Anchor>
					</Anchors>
				</FontString>
				<FontString name="ClassString6" inherits="GameFontNormal" text="|cffffffffTrade Goods" justifyH="LEFT">
					<Size x="100" y="21" />
					<Anchors>
						<Anchor point="TOPLEFT">
							<Offset x="222" y="-50" />
						</Anchor>
					</Anchors>
				</FontString>
				<FontString name="ClassString7" inherits="GameFontNormal" text="|cffffffffRecipe" justifyH="LEFT">
					<Size x="100" y="21" />
					<Anchors>
						<Anchor point="TOPLEFT">
							<Offset x="222" y="-77" />
						</Anchor>
					</Anchors>
				</FontString>
				<FontString name="ClassString8" inherits="GameFontNormal" text="|cffffffffGem" justifyH="LEFT">
					<Size x="100" y="21" />
					<Anchors>
						<Anchor point="TOPLEFT">
							<Offset x="222" y="-104" />
						</Anchor>
					</Anchors>
				</FontString>
				<FontString name="ClassString9" inherits="GameFontNormal" text="|cffffffffMiscellaneous" justifyH="LEFT">
					<Size x="100" y="21" />
					<Anchors>
						<Anchor point="TOPLEFT">
							<Offset x="222" y="-131" />
						</Anchor>
					</Anchors>
				</FontString>
				<FontString name="ClassString10" inherits="GameFontNormal" text="|cffffffffQuest" justifyH="LEFT">
					<Size x="100" y="21" />
					<Anchors>
						<Anchor point="TOPLEFT">
							<Offset x="222" y="-158" />
						</Anchor>
					</Anchors>
				</FontString>
				<FontString name="FontString1" inherits="GameFontNormalLarge" text="Tooltip Options" justifyH="LEFT">
					<Size x="262" y="20" />
					<Anchors>
						<Anchor point="TOPLEFT">
							<Offset x="60" y="-216" />
						</Anchor>
					</Anchors>
				</FontString>
				<FontString name="FontString3" inherits="GameFontNormal" text="|cffffffffHi/Low Paid" justifyH="LEFT">
					<Size x="100" y="21" />
					<Anchors>
						<Anchor point="TOPLEFT">
							<Offset x="60" y="-246" />
						</Anchor>
					</Anchors>
				</FontString>
				<FontString name="FontString4" inherits="GameFontNormal" text="|cffffffffRecent Sold" justifyH="LEFT">
					<Size x="100" y="21" />
					<Anchors>
						<Anchor point="TOPLEFT">
							<Offset x="60" y="-272" />
						</Anchor>
					</Anchors>
				</FontString>
				<FontString name="FontString5" inherits="GameFontNormal" text="|cffffffffHi/Low Sold" justifyH="LEFT">
					<Size x="100" y="21" />
					<Anchors>
						<Anchor point="TOPLEFT">
							<Offset x="222" y="-246" />
						</Anchor>
					</Anchors>
				</FontString>
				<FontString name="FontString6" inherits="GameFontNormal" text="|cffffffffSelling Ratio" justifyH="LEFT">
					<Size x="100" y="21" />
					<Anchors>
						<Anchor point="TOPLEFT">
							<Offset x="222" y="-272" />
						</Anchor>
					</Anchors>
				</FontString>
				<FontString name="FontString2" inherits="GameFontNormal" text="|cffffffffAH Average" justifyH="LEFT">
					<Size x="100" y="21" />
					<Anchors>
						<Anchor point="TOPLEFT">
							<Offset x="60" y="-299" />
						</Anchor>
					</Anchors>
				</FontString>
				<FontString name="FontString22" inherits="GameFontNormal" text="|cffffffffTooltip Price History" justifyH="LEFT">
					<Size x="140" y="21" />
					<Anchors>
						<Anchor point="TOPLEFT">
							<Offset x="222" y="-299" />
						</Anchor>
					</Anchors>
				</FontString>
				<FontString name="abiOptionsHelpFrame" inherits="GameFontNormal" text="|cffffffffTake a Snapshot (or use another addons scan data)" justifyH="CENTRE">
					<Size x="400" y="20" />
					<Anchors>
						<Anchor point="TOPLEFT">
							<Offset x="170" y="-344" />
						</Anchor>
					</Anchors>
				</FontString>
			</Layer>
		</Layers>
		<Backdrop bgFile="Interface\DialogFrame\UI-DialogBox-Background" edgeFile="Interface\DialogFrame\UI-DialogBox-Border" tile="true">
			<BackgroundInsets>
				<AbsInset left="11" right="12" top="12" bottom="11" />
			</BackgroundInsets>
			<TileSize>
				<AbsValue val="32" />
			</TileSize>
			<EdgeSize>
				<AbsValue val="32" />
			</EdgeSize>
		</Backdrop>
		<Frames>
			<CheckButton name="abiCurrentHistoricButton" inherits="UICheckButtonTemplate">
				<Size x="21" y="21" />
				<Anchors>
					<Anchor point="TOPLEFT">
						<Offset x="478" y="-234" />
					</Anchor>
				</Anchors>
				<Scripts>
					<OnClick>abiCurrentHistoricButton_OnClick();</OnClick>
				</Scripts>
			</CheckButton>
			<CheckButton name="abiBidButton" inherits="UICheckButtonTemplate">
				<Size x="21" y="21" />
				<Anchors>
					<Anchor point="TOPLEFT">
						<Offset x="478" y="-268" />
					</Anchor>
				</Anchors>
				<Scripts>
					<OnClick>abiBidButton_OnClick();</OnClick>
				</Scripts>
			</CheckButton>
			<CheckButton name="abiBidBuyoutButton" inherits="UICheckButtonTemplate">
				<Size x="21" y="21" />
				<Anchors>
					<Anchor point="TOPLEFT">
						<Offset x="725" y="-268" />
					</Anchor>
				</Anchors>
				<Scripts>
					<OnClick>abiBidBuyoutButton_OnClick();</OnClick>
				</Scripts>
			</CheckButton>

			<CheckButton name="abiSuggestButton" inherits="UICheckButtonTemplate">
				<Size x="21" y="21" />
				<Anchors>
					<Anchor point="TOPLEFT">
						<Offset x="478" y="-302" />
					</Anchor>
				</Anchors>
				<Scripts>
					<OnClick>abiSuggestButton_OnClick();</OnClick>
				</Scripts>
			</CheckButton>
			<CheckButton name="abiSuggestBuyoutButton" inherits="UICheckButtonTemplate">
				<Size x="21" y="21" />
				<Anchors>
					<Anchor point="TOPLEFT">
						<Offset x="725" y="-302" />
					</Anchor>
				</Anchors>
				<Scripts>
					<OnClick>abiSuggestBuyoutButton_OnClick();</OnClick>
				</Scripts>
			</CheckButton>

			<Slider name="ProfitMarginSlider" inherits="OptionsSliderTemplate" minValue="0" maxValue="500" defaultValue="30" valueStep="5" orientation="HORIZONTAL">
				<Size x="284" y="21" />
				<Anchors>
					<Anchor point="TOPLEFT">
						<Offset x="480" y="-128" />
					</Anchor>
				</Anchors>
				<Scripts>
					<OnLoad>ProfitMarginSlider_OnLoad(self:GetName())</OnLoad>
					<OnValueChanged>getglobal(self:GetName().."Text"):SetText(getglobal(self:GetName()):GetValue())</OnValueChanged>
				</Scripts>
			</Slider>
			<Slider name="CashProfitSlider" inherits="OptionsSliderTemplate" minValue="0" maxValue="500" defaultValue="0" valueStep="5" orientation="HORIZONTAL">
				<Size x="284" y="21" />
				<Anchors>
					<Anchor point="TOPLEFT">
						<Offset x="480" y="-167" />
					</Anchor>
				</Anchors>
				<Scripts>
					<OnLoad>CashProfitSlider_OnLoad(self:GetName())</OnLoad>
					<OnValueChanged>getglobal(self:GetName().."Text"):SetText(getglobal(self:GetName()):GetValue())</OnValueChanged>
				</Scripts>
			</Slider>
			<Slider name="MaxSpendSlider" inherits="OptionsSliderTemplate" minValue="0" maxValue="1" defaultValue="0" valueStep="1" orientation="HORIZONTAL">
				<Size x="284" y="21" />
				<Anchors>
					<Anchor point="TOPLEFT">
						<Offset x="480" y="-89" />
					</Anchor>
				</Anchors>
				<Scripts>
					<OnLoad>MaxSpendSlider_OnLoad(self:GetName())</OnLoad>
					<OnValueChanged>getglobal(self:GetName().."Text"):SetText(getglobal(self:GetName()):GetValue())</OnValueChanged>
				</Scripts>
			</Slider>
			<Slider name="MinSpendSlider" inherits="OptionsSliderTemplate" minValue="0" maxValue="250" defaultValue="0" valueStep="5" orientation="HORIZONTAL">
				<Size x="284" y="21" />
				<Anchors>
					<Anchor point="TOPLEFT">
						<Offset x="480" y="-50" />
					</Anchor>
				</Anchors>
				<Scripts>
					<OnLoad>MinSpendSlider_OnLoad(self:GetName())</OnLoad>
					<OnValueChanged>getglobal(self:GetName().."Text"):SetText(getglobal(self:GetName()):GetValue())</OnValueChanged>
				</Scripts>
			</Slider>
			<CheckButton name="abiTypeCheck1" inherits="UICheckButtonTemplate">
				<Size x="21" y="21" />
				<Anchors>
					<Anchor point="TOPLEFT">
						<Offset x="27" y="-50" />
					</Anchor>
				</Anchors>
			</CheckButton>
			<CheckButton name="abiTypeCheck2" inherits="UICheckButtonTemplate">
				<Size x="21" y="21" />
				<Anchors>
					<Anchor point="TOPLEFT">
						<Offset x="27" y="-77" />
					</Anchor>
				</Anchors>
			</CheckButton>
			<CheckButton name="abiTypeCheck3" inherits="UICheckButtonTemplate">
				<Size x="21" y="21" />
				<Anchors>
					<Anchor point="TOPLEFT">
						<Offset x="27" y="-104" />
					</Anchor>
				</Anchors>
			</CheckButton>
			<CheckButton name="abiTypeCheck4" inherits="UICheckButtonTemplate">
				<Size x="21" y="21" />
				<Anchors>
					<Anchor point="TOPLEFT">
						<Offset x="27" y="-131" />
					</Anchor>
				</Anchors>
			</CheckButton>
			<CheckButton name="abiTypeCheck5" inherits="UICheckButtonTemplate">
				<Size x="21" y="21" />
				<Anchors>
					<Anchor point="TOPLEFT">
						<Offset x="27" y="-158" />
					</Anchor>
				</Anchors>
			</CheckButton>
			<CheckButton name="abiTypeCheck6" inherits="UICheckButtonTemplate">
				<Size x="21" y="21" />
				<Anchors>
					<Anchor point="TOPLEFT">
						<Offset x="189" y="-50" />
					</Anchor>
				</Anchors>
			</CheckButton>
			<CheckButton name="abiTypeCheck7" inherits="UICheckButtonTemplate">
				<Size x="21" y="21" />
				<Anchors>
					<Anchor point="TOPLEFT">
						<Offset x="189" y="-77" />
					</Anchor>
				</Anchors>
			</CheckButton>
			<CheckButton name="abiTypeCheck8" inherits="UICheckButtonTemplate">
				<Size x="21" y="21" />
				<Anchors>
					<Anchor point="TOPLEFT">
						<Offset x="189" y="-104" />
					</Anchor>
				</Anchors>
			</CheckButton>
			<CheckButton name="abiTypeCheck9" inherits="UICheckButtonTemplate">
				<Size x="21" y="21" />
				<Anchors>
					<Anchor point="TOPLEFT">
						<Offset x="189" y="-131" />
					</Anchor>
				</Anchors>
			</CheckButton>
			<CheckButton name="abiTypeCheck10" inherits="UICheckButtonTemplate">
				<Size x="21" y="21" />
				<Anchors>
					<Anchor point="TOPLEFT">
						<Offset x="189" y="-158" />
					</Anchor>
				</Anchors>
			</CheckButton>
			<CheckButton name="abiTooltipCB1" inherits="UICheckButtonTemplate">
				<Size x="21" y="21" />
				<Anchors>
					<Anchor point="TOPLEFT">
						<Offset x="27" y="-246" />
					</Anchor>
				</Anchors>
				<Scripts>
					<OnClick>abiTooltipSelection()</OnClick>
				</Scripts>
			</CheckButton>
			<CheckButton name="abiTooltipCB2" inherits="UICheckButtonTemplate">
				<Size x="21" y="21" />
				<Anchors>
					<Anchor point="TOPLEFT">
						<Offset x="27" y="-272" />
					</Anchor>
				</Anchors>
				<Scripts>
					<OnClick>abiTooltipSelection()</OnClick>
				</Scripts>
			</CheckButton>
			<CheckButton name="abiTooltipCB3" inherits="UICheckButtonTemplate">
				<Size x="21" y="21" />
				<Anchors>
					<Anchor point="TOPLEFT">
						<Offset x="189" y="-246" />
					</Anchor>
				</Anchors>
				<Scripts>
					<OnClick>abiTooltipSelection()</OnClick>
				</Scripts>
			</CheckButton>
			<CheckButton name="abiTooltipCB4" inherits="UICheckButtonTemplate">
				<Size x="21" y="21" />
				<Anchors>
					<Anchor point="TOPLEFT">
						<Offset x="189" y="-272" />
					</Anchor>
				</Anchors>
				<Scripts>
					<OnClick>abiTooltipSelection()</OnClick>
				</Scripts>
			</CheckButton>
			<CheckButton name="abiTooltipCB5" inherits="UICheckButtonTemplate">
				<Size x="21" y="21" />
				<Anchors>
					<Anchor point="TOPLEFT">
						<Offset x="27" y="-299" />
					</Anchor>
				</Anchors>
				<Scripts>
					<OnClick>abiTooltipSelection()</OnClick>
				</Scripts>
			</CheckButton>

			<CheckButton name="abiTooltipCB6" inherits="UICheckButtonTemplate">
				<Size x="21" y="21" />
				<Anchors>
					<Anchor point="TOPLEFT">
						<Offset x="189" y="-299" />
					</Anchor>
				</Anchors>
				<Scripts>
					<OnClick>abiTooltipSelection()</OnClick>
				</Scripts>
			</CheckButton>
			<Slider name="DeviationSlider" inherits="OptionsSliderTemplate" minValue="0" maxValue="100" defaultValue="0" valueStep="1" orientation="HORIZONTAL">
				<Size x="284" y="21" />
				<Anchors>
					<Anchor point="TOPLEFT">
						<Offset x="480" y="-206" />
					</Anchor>
				</Anchors>
				<Scripts>
					<OnValueChanged>getglobal(self:GetName().."Text"):SetText(getglobal(self:GetName()):GetValue())</OnValueChanged>
					<OnLoad>DeviationSlider_OnLoad(self:GetName())</OnLoad>
				</Scripts>
			</Slider>
		</Frames>
	</Frame>
	<Frame name="abiDataFrame">
		<Size x="813" y="343" />
		<Anchors>
			<Anchor point="TOPLEFT">
				<Offset x="17" y="-50" />
			</Anchor>
		</Anchors>
		<Scripts>
			<OnUpdate>abiDataFrameUpdate(self,elapsed)</OnUpdate>
			<OnLoad>abiDataFrame_OnLoad();</OnLoad>
		</Scripts>
		<Backdrop bgFile="Interface\DialogFrame\UI-DialogBox-Background" edgeFile="Interface\DialogFrame\UI-DialogBox-Border" tile="true">
			<BackgroundInsets>
				<AbsInset left="11" right="12" top="12" bottom="11" />
			</BackgroundInsets>
			<TileSize>
				<AbsValue val="32" />
			</TileSize>
			<EdgeSize>
				<AbsValue val="32" />
			</EdgeSize>
		</Backdrop>
		<Frames>
			<ScrollFrame name="abiScrollFrame1" inherits="FauxScrollFrameTemplate">
				<Size x="752" y="201" />
				<Anchors>
					<Anchor point="TOPLEFT">
						<Offset x="21" y="-15" />
					</Anchor>
				</Anchors>
				<Scripts>
					<OnVerticalScroll>FauxScrollFrame_OnVerticalScroll(self,offset,23,abiScrollFrame1Update)</OnVerticalScroll>
				</Scripts>
				<Frames>
					<MessageFrame name="abiMessageFrame9">
						<Size x="421" y="191" />
						<Anchors>
							<Anchor point="TOPLEFT">
								<Offset x="325" y="-4" />
							</Anchor>
						</Anchors>
					</MessageFrame>
					<Button name="abiButton8" inherits="UIPanelButtonTemplate" text="|cffffffffBuy">
						<Size x="50" y="23" />
						<Anchors>
							<Anchor point="TOPLEFT">
								<Offset x="-7" y="-172" />
							</Anchor>
						</Anchors>
						<Scripts>
							<OnLeave>abiMessageFrame_OnLeave(8)</OnLeave>
							<OnEnter>abiMessageFrame_OnEnter(8,1)</OnEnter>
							<OnClick>abiBuyButtonClicked(8,button)</OnClick>
							<OnLoad>abiButton8:RegisterForClicks("AnyUp")</OnLoad>
						</Scripts>
					</Button>
					<Button name="abiButton7" inherits="UIPanelButtonTemplate" text="|cffffffffBuy">
						<Size x="50" y="23" />
						<Anchors>
							<Anchor point="TOPLEFT">
								<Offset x="-7" y="-148" />
							</Anchor>
						</Anchors>
						<Scripts>
							<OnLeave>abiMessageFrame_OnLeave(7)</OnLeave>
							<OnEnter>abiMessageFrame_OnEnter(7,1)</OnEnter>
							<OnClick>abiBuyButtonClicked(7,button)</OnClick>
							<OnLoad>abiButton7:RegisterForClicks("AnyUp")</OnLoad>

						</Scripts>
					</Button>
					<Button name="abiButton6" inherits="UIPanelButtonTemplate" text="|cffffffffBuy">
						<Size x="50" y="23" />
						<Anchors>
							<Anchor point="TOPLEFT">
								<Offset x="-7" y="-124" />
							</Anchor>
						</Anchors>
						<Scripts>
							<OnLeave>abiMessageFrame_OnLeave(6)</OnLeave>
							<OnEnter>abiMessageFrame_OnEnter(6,1)</OnEnter>
							<OnClick>abiBuyButtonClicked(6,button)</OnClick>
							<OnLoad>abiButton6:RegisterForClicks("AnyUp")</OnLoad>

						</Scripts>
					</Button>
					<Button name="abiButton5" inherits="UIPanelButtonTemplate" text="|cffffffffBuy">
						<Size x="50" y="23" />
						<Anchors>
							<Anchor point="TOPLEFT">
								<Offset x="-7" y="-100" />
							</Anchor>
						</Anchors>
						<Scripts>
							<OnLeave>abiMessageFrame_OnLeave(5)</OnLeave>
							<OnEnter>abiMessageFrame_OnEnter(5,1)</OnEnter>
							<OnClick>abiBuyButtonClicked(5,button)</OnClick>
							<OnLoad>abiButton5:RegisterForClicks("AnyUp")</OnLoad>

						</Scripts>
					</Button>
					<Button name="abiButton4" inherits="UIPanelButtonTemplate" text="|cffffffffBuy">
						<Size x="50" y="23" />
						<Anchors>
							<Anchor point="TOPLEFT">
								<Offset x="-7" y="-76" />
							</Anchor>
						</Anchors>
						<Scripts>
							<OnLeave>abiMessageFrame_OnLeave(4)</OnLeave>
							<OnEnter>abiMessageFrame_OnEnter(4,1)</OnEnter>
							<OnClick>abiBuyButtonClicked(4,button)</OnClick>
							<OnLoad>abiButton4:RegisterForClicks("AnyUp")</OnLoad>

						</Scripts>
					</Button>
					<Button name="abiButton3" inherits="UIPanelButtonTemplate" text="|cffffffffBuy">
						<Size x="50" y="23" />
						<Anchors>
							<Anchor point="TOPLEFT">
								<Offset x="-7" y="-52" />
							</Anchor>
						</Anchors>
						<Scripts>
							<OnLeave>abiMessageFrame_OnLeave(3)</OnLeave>
							<OnEnter>abiMessageFrame_OnEnter(3,1)</OnEnter>
							<OnClick>abiBuyButtonClicked(3,button)</OnClick>
							<OnLoad>abiButton3:RegisterForClicks("AnyUp")</OnLoad>

						</Scripts>
					</Button>
					<Button name="abiButton2" inherits="UIPanelButtonTemplate" text="|cffffffffBuy">
						<Size x="50" y="23" />
						<Anchors>
							<Anchor point="TOPLEFT">
								<Offset x="-7" y="-28" />
							</Anchor>
						</Anchors>
						<Scripts>
							<OnLeave>abiMessageFrame_OnLeave(2)</OnLeave>
							<OnEnter>abiMessageFrame_OnEnter(2,1)</OnEnter>
							<OnClick>abiBuyButtonClicked(2,button)</OnClick>
							<OnLoad>abiButton2:RegisterForClicks("AnyUp")</OnLoad>

						</Scripts>
					</Button>
					<Button name="abiButton1" inherits="UIPanelButtonTemplate" text="|cffffffffBuy">
						<Size x="50" y="23" />
						<Anchors>
							<Anchor point="TOPLEFT">
								<Offset x="-7" y="-4" />
							</Anchor>
						</Anchors>
						<Scripts>
							<OnLeave>abiMessageFrame_OnLeave(1)</OnLeave>
							<OnEnter>abiMessageFrame_OnEnter(1,1)</OnEnter>
							<OnClick>abiBuyButtonClicked(1,button)</OnClick>
							<OnLoad>abiButton1:RegisterForClicks("AnyUp")</OnLoad>

						</Scripts>
					</Button>
					<MessageFrame name="abiMessageFrame1" enableMouse="true">
						<Size x="254" y="23" />
						<Anchors>
							<Anchor point="TOPLEFT">
								<Offset x="55" y="-4" />
							</Anchor>
						</Anchors>
						<Scripts>
							<OnLeave>abiMessageFrame_OnLeave(1)</OnLeave>
							<OnEnter>abiMessageFrame_OnEnter(1,0)</OnEnter>
							<OnMouseDown>abiPriceChanging(1,button)</OnMouseDown>
						</Scripts>
						<Layers>
							<Layer>
								<FontString name="abiFS11" inherits="GameFontNormal" text="abiFS11" justifyH="LEFT">
									<Size x="240" y="19" />
									<Anchors>
										<Anchor point="TOPLEFT">
											<Offset x="7" y="-2" />
										</Anchor>
									</Anchors>
								</FontString>
							</Layer>
						</Layers>
					</MessageFrame>
					<MessageFrame name="abiMessageFrame6">
						<Size x="254" y="23" />
						<Anchors>
							<Anchor point="TOPLEFT">
								<Offset x="55" y="-124" />
							</Anchor>
						</Anchors>
						<Scripts>
							<OnLeave>abiMessageFrame_OnLeave(6)</OnLeave>
							<OnEnter>abiMessageFrame_OnEnter(6,0)</OnEnter>
							<OnMouseDown>abiPriceChanging(6,button)</OnMouseDown>
						</Scripts>
						<Layers>
							<Layer>
								<FontString name="abiFS61" inherits="GameFontNormal" text="abiFS61" justifyH="LEFT">
									<Size x="240" y="19" />
									<Anchors>
										<Anchor point="TOPLEFT">
											<Offset x="7" y="-2" />
										</Anchor>
									</Anchors>
								</FontString>
							</Layer>
						</Layers>
					</MessageFrame>
					<MessageFrame name="abiMessageFrame2" enableMouse="true">
						<Size x="254" y="23" />
						<Anchors>
							<Anchor point="TOPLEFT">
								<Offset x="55" y="-28" />
							</Anchor>
						</Anchors>
						<Scripts>
							<OnLeave>abiMessageFrame_OnLeave(2)</OnLeave>
							<OnEnter>abiMessageFrame_OnEnter(2,0)</OnEnter>
							<OnMouseDown>abiPriceChanging(2,button)</OnMouseDown>
						</Scripts>
						<Layers>
							<Layer>
								<FontString name="abiFS21" inherits="GameFontNormal" text="abiFS21" justifyH="LEFT">
									<Size x="240" y="19" />
									<Anchors>
										<Anchor point="TOPLEFT">
											<Offset x="7" y="-2" />
										</Anchor>
									</Anchors>
								</FontString>
							</Layer>
						</Layers>
					</MessageFrame>
					<MessageFrame name="abiMessageFrame3">
						<Size x="254" y="23" />
						<Anchors>
							<Anchor point="TOPLEFT">
								<Offset x="55" y="-52" />
							</Anchor>
						</Anchors>
						<Scripts>
							<OnLeave>abiMessageFrame_OnLeave(3)</OnLeave>
							<OnEnter>abiMessageFrame_OnEnter(3,0)</OnEnter>
							<OnMouseDown>abiPriceChanging(3,button)</OnMouseDown>
						</Scripts>
						<Layers>
							<Layer>
								<FontString name="abiFS31" inherits="GameFontNormal" text="abiFS31" justifyH="LEFT">
									<Size x="240" y="19" />
									<Anchors>
										<Anchor point="TOPLEFT">
											<Offset x="7" y="-2" />
										</Anchor>
									</Anchors>
								</FontString>
							</Layer>
						</Layers>
					</MessageFrame>
					<MessageFrame name="abiMessageFrame4">
						<Size x="254" y="23" />
						<Anchors>
							<Anchor point="TOPLEFT">
								<Offset x="55" y="-76" />
							</Anchor>
						</Anchors>
						<Scripts>
							<OnLeave>abiMessageFrame_OnLeave(4)</OnLeave>
							<OnEnter>abiMessageFrame_OnEnter(4,0)</OnEnter>
							<OnMouseDown>abiPriceChanging(4,button)</OnMouseDown>
						</Scripts>
						<Layers>
							<Layer>
								<FontString name="abiFS41" inherits="GameFontNormal" text="abiFS41" justifyH="LEFT">
									<Size x="240" y="19" />
									<Anchors>
										<Anchor point="TOPLEFT">
											<Offset x="7" y="-2" />
										</Anchor>
									</Anchors>
								</FontString>
							</Layer>
						</Layers>
					</MessageFrame>
					<MessageFrame name="abiMessageFrame8" enableMouse="true">
						<Size x="254" y="23" />
						<Anchors>
							<Anchor point="TOPLEFT">
								<Offset x="55" y="-172" />
							</Anchor>
						</Anchors>
						<Scripts>
							<OnLeave>abiMessageFrame_OnLeave(8)</OnLeave>
							<OnEnter>abiMessageFrame_OnEnter(8,0)</OnEnter>
							<OnMouseDown>abiPriceChanging(8,button)</OnMouseDown>
						</Scripts>
						<Layers>
							<Layer>
								<FontString name="abiFS81" inherits="GameFontNormal" text="abiFS81" justifyH="LEFT">
									<Size x="240" y="19" />
									<Anchors>
										<Anchor point="TOPLEFT">
											<Offset x="7" y="-2" />
										</Anchor>
									</Anchors>
								</FontString>
							</Layer>
						</Layers>
					</MessageFrame>
					<MessageFrame name="abiMessageFrame5">
						<Size x="254" y="23" />
						<Anchors>
							<Anchor point="TOPLEFT">
								<Offset x="55" y="-100" />
							</Anchor>
						</Anchors>
						<Scripts>
							<OnLeave>abiMessageFrame_OnLeave(5)</OnLeave>
							<OnEnter>abiMessageFrame_OnEnter(5,0)</OnEnter>
							<OnMouseDown>abiPriceChanging(5,button)</OnMouseDown>
						</Scripts>
						<Layers>
							<Layer>
								<FontString name="abiFS51" inherits="GameFontNormal" text="abiFS51" justifyH="LEFT">
									<Size x="240" y="19" />
									<Anchors>
										<Anchor point="TOPLEFT">
											<Offset x="7" y="-2" />
										</Anchor>
									</Anchors>
								</FontString>
							</Layer>
						</Layers>
					</MessageFrame>
					<MessageFrame name="abiMessageFrame7">
						<Size x="254" y="23" />
						<Anchors>
							<Anchor point="TOPLEFT">
								<Offset x="55" y="-148" />
							</Anchor>
						</Anchors>
						<Scripts>
							<OnLeave>abiMessageFrame_OnLeave(7)</OnLeave>
							<OnEnter>abiMessageFrame_OnEnter(7,0)</OnEnter>
							<OnMouseDown>abiPriceChanging(7,button)</OnMouseDown>
						</Scripts>
						<Layers>
							<Layer>
								<FontString name="abiFS71" inherits="GameFontNormal" text="abiFS71" justifyH="LEFT">
									<Size x="240" y="19" />
									<Anchors>
										<Anchor point="TOPLEFT">
											<Offset x="7" y="-2" />
										</Anchor>
									</Anchors>
								</FontString>
							</Layer>
						</Layers>
					</MessageFrame>
				</Frames>
			</ScrollFrame>

			<CheckButton name="abiCheckButton1" inherits="UICheckButtonTemplate">
				<Size x="25" y="25" />
				<Anchors>
					<Anchor point="TOPLEFT">
						<Offset x="785" y="35" />
					</Anchor>
				</Anchors>
				<Scripts>
					<OnClick>abiCheckButton1_OnClick()</OnClick>
					<OnEnter>abiBargainsFrameHelp(3)</OnEnter>
					<OnLeave>abiBargainsFrameHelp(1)</OnLeave>
				</Scripts>
			</CheckButton>

			<CheckButton name="abiCheckButton2" inherits="UICheckButtonTemplate">
				<Size x="25" y="25" />
				<Anchors>
					<Anchor point="TOPLEFT">
						<Offset x="785" y="17" />
					</Anchor>
				</Anchors>
				<Scripts>
					<OnClick>abiCheckButton2_OnClick()</OnClick>
					<OnEnter>abiBargainsFrameHelp(4)</OnEnter>
					<OnLeave>abiBargainsFrameHelp(1)</OnLeave>
				</Scripts>
			</CheckButton>

			<CheckButton name="abiCheckButton3" inherits="UICheckButtonTemplate">
				<Size x="25" y="25" />
				<Anchors>
					<Anchor point="TOPLEFT">
						<Offset x="45" y="17" />
					</Anchor>
				</Anchors>
				<Scripts>
					<OnEnter>abiBargainsFrameHelp(8)</OnEnter>
					<OnLeave>abiBargainsFrameHelp(1)</OnLeave>
				</Scripts>
			</CheckButton>

		</Frames>
		<Layers>
			<Layer>
				<FontString name="abiFS15" inherits="GameFontNormal" justifyH="RIGHT">
					<Size x="60" y="20" />
					<Anchors>
						<Anchor point="TOPLEFT">
							<Offset x="708" y="-20" />
						</Anchor>
					</Anchors>
				</FontString>
				<FontString name="abiFS25" inherits="GameFontNormal" justifyH="RIGHT">
					<Size x="60" y="20" />
					<Anchors>
						<Anchor point="TOPLEFT">
							<Offset x="708" y="-44" />
						</Anchor>
					</Anchors>
				</FontString>
				<FontString name="abiFS35" inherits="GameFontNormal" justifyH="RIGHT">
					<Size x="60" y="20" />
					<Anchors>
						<Anchor point="TOPLEFT">
							<Offset x="708" y="-68" />
						</Anchor>
					</Anchors>
				</FontString>
				<FontString name="abiFS45" inherits="GameFontNormal" justifyH="RIGHT">
					<Size x="60" y="20" />
					<Anchors>
						<Anchor point="TOPLEFT">
							<Offset x="708" y="-92" />
						</Anchor>
					</Anchors>
				</FontString>
				<FontString name="abiFS55" inherits="GameFontNormal" justifyH="RIGHT">
					<Size x="60" y="20" />
					<Anchors>
						<Anchor point="TOPLEFT">
							<Offset x="708" y="-116" />
						</Anchor>
					</Anchors>
				</FontString>
				<FontString name="abiFS65" inherits="GameFontNormal" justifyH="RIGHT">
					<Size x="60" y="20" />
					<Anchors>
						<Anchor point="TOPLEFT">
							<Offset x="708" y="-140" />
						</Anchor>
					</Anchors>
				</FontString>
				<FontString name="abiFS75" inherits="GameFontNormal" justifyH="RIGHT">
					<Size x="60" y="20" />
					<Anchors>
						<Anchor point="TOPLEFT">
							<Offset x="708" y="-164" />
						</Anchor>
					</Anchors>
				</FontString>
				<FontString name="abiFS85" inherits="GameFontNormal" justifyH="RIGHT">
					<Size x="60" y="20" />
					<Anchors>
						<Anchor point="TOPLEFT">
							<Offset x="708" y="-188" />
						</Anchor>
					</Anchors>
				</FontString>
				<FontString name="abiBargainsHelpFrame" inherits="GameFontNormal" text="|cffffffffBuy items or edit price history" justifyH="CENTRE">
					<Size x="400" y="20" />
					<Anchors>
						<Anchor point="TOPLEFT">
							<Offset x="170" y="-344" />
						</Anchor>
					</Anchors>
				</FontString>
			</Layer>
		</Layers>
	</Frame>
</Ui>