<Ui xmlns="http://www.blizzard.com/wow/ui/" xmlns:xsi="http://www.w3.org/2001/XMLSchema-instance" xsi:schemaLocation="http://www.blizzard.com/wow/ui/
..\..\FrameXML\UI.xsd">
	<Button name="AbigailButtonTemplate" virtual="true">
		<Layers>
			<Layer level="BACKGROUND">
				<Texture name="$parentLeft" file="Interface\FriendsFrame\WhoFrame-ColumnTabs">
					<Size>
						<AbsDimension x="5" y="19"/>
					</Size>
					<Anchors>
						<Anchor point="TOPLEFT"/>
					</Anchors>
					<TexCoords left="0" right="0.078125" top="0" bottom="0.59375"/>
				</Texture>
				<Texture name="$parentRight" file="Interface\FriendsFrame\WhoFrame-ColumnTabs">
					<Size>
						<AbsDimension x="4" y="19"/>
					</Size>
					<Anchors>
						<Anchor point="TOPRIGHT"/>
					</Anchors>
					<TexCoords left="0.90625" right="0.96875" top="0" bottom="0.59375"/>
				</Texture>
				<Texture name="$parentMiddle" file="Interface\FriendsFrame\WhoFrame-ColumnTabs">
					<Size>
						<AbsDimension x="10" y="19"/>
					</Size>
					<Anchors>
						<Anchor point="LEFT" relativeTo="$parentLeft" relativePoint="RIGHT"/>
						<Anchor point="RIGHT" relativeTo="$parentRight" relativePoint="LEFT"/>
					</Anchors>
					<TexCoords left="0.078125" right="0.90625" top="0" bottom="0.59375"/>
				</Texture>
			</Layer>
		</Layers>
		<ButtonText name="$parentText">
			<Anchors>
				<Anchor point="CENTER">
					<Offset>
						<AbsDimension x="0" y="0"/>
					</Offset>
				</Anchor>
			</Anchors>
		</ButtonText>
		<NormalFont style="GameFontNormal"/>
	</Button>
	<Frame name="AbigailMoneyFrameTemplate" virtual="true">
		<Size>
			<AbsDimension x="130" y="19"/>
		</Size>
		<Frames>
			<Button name="$parentCopperButton">
				<Size>
					<AbsDimension x="47" y="19"/>
				</Size>
				<Anchors>
					<Anchor point="RIGHT">
						<Offset>
							<AbsDimension x="-4" y="0"/>
						</Offset>
					</Anchor>
				</Anchors>
				<NormalTexture file="Interface\MoneyFrame\UI-MoneyIcons">
					<Size>
						<AbsDimension x="12" y="12"/>
					</Size>
					<Anchors>
						<Anchor point="RIGHT"/>
					</Anchors>
					<TexCoords left="0.5" right="0.75" top="0" bottom="1"/>
				</NormalTexture>
				<ButtonText name="$parentText">
					<Anchors>
						<Anchor point="RIGHT">
							<Offset>
								<AbsDimension x="-12" y="0"/>
							</Offset>
						</Anchor>
					</Anchors>
				</ButtonText>
				<NormalFont style="NumberFontNormal"/>
				<PushedTextOffset>
					<AbsDimension x="0" y="0"/>
				</PushedTextOffset>
			</Button>
			<Button name="$parentSilverButton">
				<Size>
					<AbsDimension x="47" y="19"/>
				</Size>
				<Anchors>
					<Anchor point="RIGHT" relativeTo="$parentCopperButton" relativePoint="LEFT">
						<Offset>
							<AbsDimension x="-4" y="0"/>
						</Offset>
					</Anchor>
				</Anchors>
				<NormalTexture file="Interface\MoneyFrame\UI-MoneyIcons">
					<Size>
						<AbsDimension x="12" y="12"/>
					</Size>
					<Anchors>
						<Anchor point="RIGHT"/>
					</Anchors>
					<TexCoords left="0.25" right="0.5" top="0" bottom="1"/>
				</NormalTexture>
				<ButtonText name="$parentText">
					<Anchors>
						<Anchor point="RIGHT">
							<Offset>
								<AbsDimension x="-12" y="0"/>
							</Offset>
						</Anchor>
					</Anchors>
				</ButtonText>
				<NormalFont style="NumberFontNormal"/>
				<PushedTextOffset>
					<AbsDimension x="0" y="0"/>
				</PushedTextOffset>
			</Button>
			<Button name="$parentGoldButton">
				<Size>
					<AbsDimension x="47" y="19"/>
				</Size>
				<Anchors>
					<Anchor point="RIGHT" relativeTo="$parentSilverButton" relativePoint="LEFT">
						<Offset>
							<AbsDimension x="-4" y="0"/>
						</Offset>
					</Anchor>
				</Anchors>
				<NormalTexture file="Interface\MoneyFrame\UI-MoneyIcons">
					<Size>
						<AbsDimension x="12" y="12"/>
					</Size>
					<Anchors>
						<Anchor point="RIGHT"/>
					</Anchors>
					<TexCoords left="0" right="0.25" top="0" bottom="1"/>
				</NormalTexture>
				<ButtonText name="$parentText">
					<Anchors>
						<Anchor point="RIGHT">
							<Offset>
								<AbsDimension x="-12" y="0"/>
							</Offset>
						</Anchor>
					</Anchors>
				</ButtonText>
				<NormalFont style="NumberFontNormal"/>
				<PushedTextOffset>
					<AbsDimension x="0" y="0"/>
				</PushedTextOffset>
			</Button>
		</Frames>
	</Frame>
</Ui>
