<Ui xmlns:xsi="http://www.w3.org/2001/XMLSchema-instance" xmlns:xsd="http://www.w3.org/2001/XMLSchema" xmlns="http://www.blizzard.com/wow/ui/">
	<Frame name="abiShoppingFrame" enableMouse="true">
		<Size x="813" y="343" />
		<Anchors>
			<Anchor point="TOPLEFT">
				<Offset x="108" y="-24" />
			</Anchor>
		</Anchors>
		<Scripts>
			<OnLoad>abiShoppingFrame_OnLoad()</OnLoad>
		</Scripts>
		<Backdrop bgFile="Interface\DialogFrame\UI-DialogBox-Background" edgeFile="Interface\DialogFrame\UI-DialogBox-Border" tile="true">
			<BackgroundInsets>
				<AbsInset left="11" right="12" top="12" bottom="11" />
			</BackgroundInsets>
			<TileSize>
				<AbsValue val="32" />
			</TileSize>
			<EdgeSize>
				<AbsValue val="32" />
			</EdgeSize>
		</Backdrop>
		<Layers>
			<Layer>
				<FontString name="abiShopFrame1Help1" inherits="GameFontNormal" text="|cffffffffL-Click = send to Browse Fields" justifyH="CENTRE">
					<Size x="200" y="15" />
					<Anchors>
						<Anchor point="TOPLEFT">
							<Offset x="70" y="28" />
						</Anchor>
					</Anchors>
				</FontString>

				<FontString name="abiShopFrame1Help1b" inherits="GameFontNormal" text="|cffffffffR-Click = send to Shopping List" justifyH="CENTRE">
					<Size x="200" y="15" />
					<Anchors>
						<Anchor point="TOPLEFT">
							<Offset x="70" y="12" />
						</Anchor>
					</Anchors>
				</FontString>




				<FontString name="abiShopFrame1Help2" inherits="GameFontNormal" text="|cffffffffL-Click = adjust the search price" justifyH="CENTRE">
					<Size x="275" y="15" />
					<Anchors>
						<Anchor point="TOPLEFT">
							<Offset x="435" y="28" />
						</Anchor>
					</Anchors>
				</FontString>

				<FontString name="abiShopFrame1Help2b" inherits="GameFontNormal" text="|cffffffffR-Click = remove from Shopping List" justifyH="CENTRE">
					<Size x="275" y="15" />
					<Anchors>
						<Anchor point="TOPLEFT">
							<Offset x="435" y="12" />
						</Anchor>
					</Anchors>
				</FontString>



				<FontString name="abiShopFrame1Help3" inherits="GameFontNormal" text="" justifyH="CENTRE">
					<Size x="370" y="15" />
					<Anchors>
						<Anchor point="TOPLEFT">
							<Offset x="180" y="-345" />
						</Anchor>
					</Anchors>
				</FontString>

			</Layer>
		</Layers>
		<Frames>
			<Frame name="abiPartFrame1" enableMouse="true">
				<Scripts>
					<OnEnter>abiShowFrameHelp(1)</OnEnter>
					<OnLeave>abiShowFrameHelp(6)</OnLeave>
				</Scripts>
				<Size x="320" y="224" />
				<Anchors>
					<Anchor point="TOPLEFT">
						<Offset x="15" y="-7" />
					</Anchor>
				</Anchors>
				<Backdrop bgFile="Interface\DialogFrame\UI-DialogBox-Background" edgeFile="Interface\Tooltips\UI-Tooltip-Border" tile="true">
				</Backdrop>
				<Frames>
					<MessageFrame name="abiShop1Frame1" enableMouse="true">
						<Size x="254" y="19" />
						<Anchors>
							<Anchor point="TOPLEFT">
								<Offset x="40" y="-12" />
							</Anchor>
						</Anchors>
						<Scripts>
							<OnLeave>abiShopMessageFrame1_OnLeave(1)</OnLeave>
							<OnEnter>abiShopMessageFrame1_OnEnter(1)</OnEnter>
							<OnMouseDown>abiShopFrame1Click(1,button)</OnMouseDown>
						</Scripts>
						<Layers>
							<Layer>
								<FontString name="abiShopFrame1String1" inherits="GameFontNormal" justifyH="LEFT">
									<Size x="250" y="15" />
									<Anchors>
										<Anchor point="TOPLEFT">
											<Offset x="7" y="-2" />
										</Anchor>
									</Anchors>
								</FontString>
							</Layer>
						</Layers>
					</MessageFrame>
					<MessageFrame name="abiShop1Frame2" enableMouse="true">
						<Size x="254" y="19" />
						<Anchors>
							<Anchor point="TOPLEFT">
								<Offset x="40" y="-32" />
							</Anchor>
						</Anchors>
						<Scripts>
							<OnLeave>abiShopMessageFrame1_OnLeave(2)</OnLeave>
							<OnEnter>abiShopMessageFrame1_OnEnter(2)</OnEnter>
							<OnMouseDown>abiShopFrame1Click(2,button)</OnMouseDown>
						</Scripts>
						<Layers>
							<Layer>
								<FontString name="abiShopFrame1String2" inherits="GameFontNormal" justifyH="LEFT">
									<Size x="250" y="15" />
									<Anchors>
										<Anchor point="TOPLEFT">
											<Offset x="7" y="-2" />
										</Anchor>
									</Anchors>
								</FontString>
							</Layer>
						</Layers>
					</MessageFrame>
					<MessageFrame name="abiShop1Frame3" enableMouse="true">
						<Size x="254" y="19" />
						<Anchors>
							<Anchor point="TOPLEFT">
								<Offset x="40" y="-52" />
							</Anchor>
						</Anchors>
						<Scripts>
							<OnLeave>abiShopMessageFrame1_OnLeave(3)</OnLeave>
							<OnEnter>abiShopMessageFrame1_OnEnter(3)</OnEnter>
							<OnMouseDown>abiShopFrame1Click(3,button)</OnMouseDown>
						</Scripts>
						<Layers>
							<Layer>
								<FontString name="abiShopFrame1String3" inherits="GameFontNormal" justifyH="LEFT">
									<Size x="250" y="15" />
									<Anchors>
										<Anchor point="TOPLEFT">
											<Offset x="7" y="-2" />
										</Anchor>
									</Anchors>
								</FontString>
							</Layer>
						</Layers>
					</MessageFrame>
					<MessageFrame name="abiShop1Frame4" enableMouse="true">
						<Size x="254" y="19" />
						<Anchors>
							<Anchor point="TOPLEFT">
								<Offset x="40" y="-72" />
							</Anchor>
						</Anchors>
						<Scripts>
							<OnLeave>abiShopMessageFrame1_OnLeave(4)</OnLeave>
							<OnEnter>abiShopMessageFrame1_OnEnter(4)</OnEnter>
							<OnMouseDown>abiShopFrame1Click(4,button)</OnMouseDown>
						</Scripts>
						<Layers>
							<Layer>
								<FontString name="abiShopFrame1String4" inherits="GameFontNormal" justifyH="LEFT">
									<Size x="250" y="15" />
									<Anchors>
										<Anchor point="TOPLEFT">
											<Offset x="7" y="-2" />
										</Anchor>
									</Anchors>
								</FontString>
							</Layer>
						</Layers>
					</MessageFrame>
					<MessageFrame name="abiShop1Frame5" enableMouse="true">
						<Size x="254" y="19" />
						<Anchors>
							<Anchor point="TOPLEFT">
								<Offset x="40" y="-92" />
							</Anchor>
						</Anchors>
						<Scripts>
							<OnLeave>abiShopMessageFrame1_OnLeave(5)</OnLeave>
							<OnEnter>abiShopMessageFrame1_OnEnter(5)</OnEnter>
							<OnMouseDown>abiShopFrame1Click(5,button)</OnMouseDown>
						</Scripts>
						<Layers>
							<Layer>
								<FontString name="abiShopFrame1String5" inherits="GameFontNormal" justifyH="LEFT">
									<Size x="250" y="15" />
									<Anchors>
										<Anchor point="TOPLEFT">
											<Offset x="7" y="-2" />
										</Anchor>
									</Anchors>
								</FontString>
							</Layer>
						</Layers>
					</MessageFrame>
					<MessageFrame name="abiShop1Frame6" enableMouse="true">
						<Size x="254" y="19" />
						<Anchors>
							<Anchor point="TOPLEFT">
								<Offset x="40" y="-112" />
							</Anchor>
						</Anchors>
						<Scripts>
							<OnLeave>abiShopMessageFrame1_OnLeave(6)</OnLeave>
							<OnEnter>abiShopMessageFrame1_OnEnter(6)</OnEnter>
							<OnMouseDown>abiShopFrame1Click(6,button)</OnMouseDown>
						</Scripts>
						<Layers>
							<Layer>
								<FontString name="abiShopFrame1String6" inherits="GameFontNormal" justifyH="LEFT">
									<Size x="250" y="15" />
									<Anchors>
										<Anchor point="TOPLEFT">
											<Offset x="7" y="-2" />
										</Anchor>
									</Anchors>
								</FontString>
							</Layer>
						</Layers>
					</MessageFrame>
					<MessageFrame name="abiShop1Frame7" enableMouse="true">
						<Size x="254" y="19" />
						<Anchors>
							<Anchor point="TOPLEFT">
								<Offset x="40" y="-132" />
							</Anchor>
						</Anchors>
						<Scripts>
							<OnLeave>abiShopMessageFrame1_OnLeave(7)</OnLeave>
							<OnEnter>abiShopMessageFrame1_OnEnter(7)</OnEnter>
							<OnMouseDown>abiShopFrame1Click(7,button)</OnMouseDown>
						</Scripts>
						<Layers>
							<Layer>
								<FontString name="abiShopFrame1String7" inherits="GameFontNormal" justifyH="LEFT">
									<Size x="250" y="15" />
									<Anchors>
										<Anchor point="TOPLEFT">
											<Offset x="7" y="-2" />
										</Anchor>
									</Anchors>
								</FontString>
							</Layer>
						</Layers>
					</MessageFrame>
					<MessageFrame name="abiShop1Frame8" enableMouse="true">
						<Size x="254" y="19" />
						<Anchors>
							<Anchor point="TOPLEFT">
								<Offset x="40" y="-152" />
							</Anchor>
						</Anchors>
						<Scripts>
							<OnLeave>abiShopMessageFrame1_OnLeave(8)</OnLeave>
							<OnEnter>abiShopMessageFrame1_OnEnter(8)</OnEnter>
							<OnMouseDown>abiShopFrame1Click(8,button)</OnMouseDown>
						</Scripts>
						<Layers>
							<Layer>
								<FontString name="abiShopFrame1String8" inherits="GameFontNormal" justifyH="LEFT">
									<Size x="250" y="15" />
									<Anchors>
										<Anchor point="TOPLEFT">
											<Offset x="7" y="-2" />
										</Anchor>
									</Anchors>
								</FontString>
							</Layer>
						</Layers>
					</MessageFrame>
					<MessageFrame name="abiShop1Frame9" enableMouse="true">
						<Size x="254" y="19" />
						<Anchors>
							<Anchor point="TOPLEFT">
								<Offset x="40" y="-172" />
							</Anchor>
						</Anchors>
						<Scripts>
							<OnLeave>abiShopMessageFrame1_OnLeave(9)</OnLeave>
							<OnEnter>abiShopMessageFrame1_OnEnter(9)</OnEnter>
							<OnMouseDown>abiShopFrame1Click(9,button)</OnMouseDown>
						</Scripts>
						<Layers>
							<Layer>
								<FontString name="abiShopFrame1String9" inherits="GameFontNormal" justifyH="LEFT">
									<Size x="250" y="15" />
									<Anchors>
										<Anchor point="TOPLEFT">
											<Offset x="7" y="-2" />
										</Anchor>
									</Anchors>
								</FontString>
							</Layer>
						</Layers>
					</MessageFrame>
					
					<MessageFrame name="abiShop1Frame10" enableMouse="true">
						<Size x="254" y="19" />
						<Anchors>
							<Anchor point="TOPLEFT">
								<Offset x="40" y="-192" />
							</Anchor>
						</Anchors>
						<Scripts>
							<OnLeave>abiShopMessageFrame1_OnLeave(10)</OnLeave>
							<OnEnter>abiShopMessageFrame1_OnEnter(10)</OnEnter>
							<OnMouseDown>abiShopFrame1Click(10,button)</OnMouseDown>
						</Scripts>
						<Layers>
							<Layer>
								<FontString name="abiShopFrame1String10" inherits="GameFontNormal" justifyH="LEFT">
									<Size x="250" y="15" />
									<Anchors>
										<Anchor point="TOPLEFT">
											<Offset x="7" y="-2" />
										</Anchor>
									</Anchors>
								</FontString>
							</Layer>
						</Layers>
					</MessageFrame>
					<ScrollFrame name="abiShoppingScrollFrame1" inherits="FauxScrollFrameTemplate">
						<Size x="15" y="195" />
						<Anchors>
							<Anchor point="TOPLEFT">
								<Offset x="0" y="-15" />
							</Anchor>
						</Anchors>
						<Scripts>
							<OnVerticalScroll>FauxScrollFrame_OnVerticalScroll(self,offset,15,abiShoppingScroll1Update)</OnVerticalScroll>
						</Scripts>
					</ScrollFrame>
				</Frames>
			</Frame>

			<Frame name="abiPartFrame2" enableMouse="true">
				<Size x="445" y="224" />
				<Anchors>
					<Anchor point="TOPLEFT">
						<Offset x="345" y="-7" />
					</Anchor>
				</Anchors>
				<Backdrop bgFile="Interface\DialogFrame\UI-DialogBox-Background" edgeFile="Interface\Tooltips\UI-Tooltip-Border" tile="true">
				</Backdrop>
				<Scripts>
					<OnEnter>abiShowFrameHelp(2)</OnEnter>
					<OnLeave>abiShowFrameHelp(6)</OnLeave>
				</Scripts>
				<Frames>
					<MessageFrame name="abiShop2Frame1" enableMouse="true">
						<Size x="215" y="19" />
						<Anchors>
							<Anchor point="TOPLEFT">
								<Offset x="40" y="-12" />
							</Anchor>
						</Anchors>
						<Scripts>
							<OnLeave>abiShopMessageFrame2_OnLeave(1)</OnLeave>
							<OnEnter>abiShopMessageFrame2_OnEnter(1)</OnEnter>
							<OnMouseDown>abiShopFrame2Click(1,button)</OnMouseDown>
						</Scripts>
						<Layers>
							<Layer>
								<FontString name="abiShopFrame2String1" inherits="GameFontNormal" justifyH="LEFT">
									<Size x="240" y="15" />
									<Anchors>
										<Anchor point="TOPLEFT">
											<Offset x="7" y="-2" />
										</Anchor>
									</Anchors>
								</FontString>
							</Layer>
						</Layers>
					</MessageFrame>
					<MessageFrame name="abiShop2Frame2" enableMouse="true">
						<Size x="215" y="19" />
						<Anchors>
							<Anchor point="TOPLEFT">
								<Offset x="40" y="-32" />
							</Anchor>
						</Anchors>
						<Scripts>
							<OnLeave>abiShopMessageFrame2_OnLeave(2)</OnLeave>
							<OnEnter>abiShopMessageFrame2_OnEnter(2)</OnEnter>
							<OnMouseDown>abiShopFrame2Click(2,button)</OnMouseDown>
						</Scripts>
						<Layers>
							<Layer>
								<FontString name="abiShopFrame2String2" inherits="GameFontNormal" justifyH="LEFT">
									<Size x="240" y="15" />
									<Anchors>
										<Anchor point="TOPLEFT">
											<Offset x="7" y="-2" />
										</Anchor>
									</Anchors>
								</FontString>
							</Layer>
						</Layers>
					</MessageFrame>
					<MessageFrame name="abiShop2Frame3" enableMouse="true">
						<Size x="215" y="19" />
						<Anchors>
							<Anchor point="TOPLEFT">
								<Offset x="40" y="-52" />
							</Anchor>
						</Anchors>
						<Scripts>
							<OnLeave>abiShopMessageFrame2_OnLeave(3)</OnLeave>
							<OnEnter>abiShopMessageFrame2_OnEnter(3)</OnEnter>
							<OnMouseDown>abiShopFrame2Click(3,button)</OnMouseDown>
						</Scripts>
						<Layers>
							<Layer>
								<FontString name="abiShopFrame2String3" inherits="GameFontNormal" justifyH="LEFT">
									<Size x="240" y="15" />
									<Anchors>
										<Anchor point="TOPLEFT">
											<Offset x="7" y="-2" />
										</Anchor>
									</Anchors>
								</FontString>
							</Layer>
						</Layers>
					</MessageFrame>
					<MessageFrame name="abiShop2Frame4" enableMouse="true">
						<Size x="215" y="19" />
						<Anchors>
							<Anchor point="TOPLEFT">
								<Offset x="40" y="-72" />
							</Anchor>
						</Anchors>
						<Scripts>
							<OnLeave>abiShopMessageFrame2_OnLeave(4)</OnLeave>
							<OnEnter>abiShopMessageFrame2_OnEnter(4)</OnEnter>
							<OnMouseDown>abiShopFrame2Click(4,button)</OnMouseDown>
						</Scripts>
						<Layers>
							<Layer>
								<FontString name="abiShopFrame2String4" inherits="GameFontNormal" justifyH="LEFT">
									<Size x="240" y="15" />
									<Anchors>
										<Anchor point="TOPLEFT">
											<Offset x="7" y="-2" />
										</Anchor>
									</Anchors>
								</FontString>
							</Layer>
						</Layers>
					</MessageFrame>
					<MessageFrame name="abiShop2Frame5" enableMouse="true">
						<Size x="215" y="19" />
						<Anchors>
							<Anchor point="TOPLEFT">
								<Offset x="40" y="-92" />
							</Anchor>
						</Anchors>
						<Scripts>
							<OnLeave>abiShopMessageFrame2_OnLeave(5)</OnLeave>
							<OnEnter>abiShopMessageFrame2_OnEnter(5)</OnEnter>
							<OnMouseDown>abiShopFrame2Click(5,button)</OnMouseDown>
						</Scripts>
						<Layers>
							<Layer>
								<FontString name="abiShopFrame2String5" inherits="GameFontNormal" justifyH="LEFT">
									<Size x="240" y="15" />
									<Anchors>
										<Anchor point="TOPLEFT">
											<Offset x="7" y="-2" />
										</Anchor>
									</Anchors>
								</FontString>
							</Layer>
						</Layers>
					</MessageFrame>
					<MessageFrame name="abiShop2Frame6" enableMouse="true">
						<Size x="215" y="19" />
						<Anchors>
							<Anchor point="TOPLEFT">
								<Offset x="40" y="-112" />
							</Anchor>
						</Anchors>
						<Scripts>
							<OnLeave>abiShopMessageFrame2_OnLeave(6)</OnLeave>
							<OnEnter>abiShopMessageFrame2_OnEnter(6)</OnEnter>
							<OnMouseDown>abiShopFrame2Click(6,button)</OnMouseDown>
						</Scripts>
						<Layers>
							<Layer>
								<FontString name="abiShopFrame2String6" inherits="GameFontNormal" justifyH="LEFT">
									<Size x="240" y="15" />
									<Anchors>
										<Anchor point="TOPLEFT">
											<Offset x="7" y="-2" />
										</Anchor>
									</Anchors>
								</FontString>
							</Layer>
						</Layers>
					</MessageFrame>
					<MessageFrame name="abiShop2Frame7" enableMouse="true">
						<Size x="215" y="19" />
						<Anchors>
							<Anchor point="TOPLEFT">
								<Offset x="40" y="-132" />
							</Anchor>
						</Anchors>
						<Scripts>
							<OnLeave>abiShopMessageFrame2_OnLeave(7)</OnLeave>
							<OnEnter>abiShopMessageFrame2_OnEnter(7)</OnEnter>
							<OnMouseDown>abiShopFrame2Click(7,button)</OnMouseDown>
						</Scripts>
						<Layers>
							<Layer>
								<FontString name="abiShopFrame2String7" inherits="GameFontNormal" justifyH="LEFT">
									<Size x="240" y="15" />
									<Anchors>
										<Anchor point="TOPLEFT">
											<Offset x="7" y="-2" />
										</Anchor>
									</Anchors>
								</FontString>
							</Layer>
						</Layers>
					</MessageFrame>
					<MessageFrame name="abiShop2Frame8" enableMouse="true">
						<Size x="215" y="19" />
						<Anchors>
							<Anchor point="TOPLEFT">
								<Offset x="40" y="-152" />
							</Anchor>
						</Anchors>
						<Scripts>
							<OnLeave>abiShopMessageFrame2_OnLeave(8)</OnLeave>
							<OnEnter>abiShopMessageFrame2_OnEnter(8)</OnEnter>
							<OnMouseDown>abiShopFrame2Click(8,button)</OnMouseDown>
						</Scripts>
						<Layers>
							<Layer>
								<FontString name="abiShopFrame2String8" inherits="GameFontNormal" justifyH="LEFT">
									<Size x="240" y="15" />
									<Anchors>
										<Anchor point="TOPLEFT">
											<Offset x="7" y="-2" />
										</Anchor>
									</Anchors>
								</FontString>
							</Layer>
						</Layers>
					</MessageFrame>
					<MessageFrame name="abiShop2Frame9" enableMouse="true">
						<Size x="215" y="19" />
						<Anchors>
							<Anchor point="TOPLEFT">
								<Offset x="40" y="-172" />
							</Anchor>
						</Anchors>
						<Scripts>
							<OnLeave>abiShopMessageFrame2_OnLeave(9)</OnLeave>
							<OnEnter>abiShopMessageFrame2_OnEnter(9)</OnEnter>
							<OnMouseDown>abiShopFrame2Click(9,button)</OnMouseDown>
						</Scripts>
						<Layers>
							<Layer>
								<FontString name="abiShopFrame2String9" inherits="GameFontNormal" justifyH="LEFT">
									<Size x="240" y="15" />
									<Anchors>
										<Anchor point="TOPLEFT">
											<Offset x="7" y="-2" />
										</Anchor>
									</Anchors>
								</FontString>
							</Layer>
						</Layers>
					</MessageFrame>
					<MessageFrame name="abiShop2Frame10" enableMouse="true">
						<Size x="215" y="19" />
						<Anchors>
							<Anchor point="TOPLEFT">
								<Offset x="40" y="-192" />
							</Anchor>
						</Anchors>
						<Scripts>
							<OnLeave>abiShopMessageFrame2_OnLeave(10)</OnLeave>
							<OnEnter>abiShopMessageFrame2_OnEnter(10)</OnEnter>
							<OnMouseDown>abiShopFrame2Click(10,button)</OnMouseDown>
						</Scripts>
						<Layers>
							<Layer>
								<FontString name="abiShopFrame2String10" inherits="GameFontNormal" justifyH="LEFT">
									<Size x="240" y="15" />
									<Anchors>
										<Anchor point="TOPLEFT">
											<Offset x="7" y="-2" />
										</Anchor>
									</Anchors>
								</FontString>
							</Layer>
						</Layers>
					</MessageFrame>
					<ScrollFrame name="abiShoppingScrollFrame2" inherits="FauxScrollFrameTemplate">
						<Size x="15" y="195" />
						<Anchors>
							<Anchor point="TOPLEFT">
								<Offset x="0" y="-15" />
							</Anchor>
						</Anchors>
						<Scripts>
							<OnVerticalScroll>FauxScrollFrame_OnVerticalScroll(self,offset,15,abiShoppingScroll2Update)</OnVerticalScroll>
						</Scripts>
					</ScrollFrame>
				</Frames>
				<Layers>
					<Layer>
						<FontString name="abiShopFrame2Cash1" inherits="GameFontNormal" justifyH="RIGHT">
							<Size x="140" y="15" />
							<Anchors>
								<Anchor point="TOPLEFT">
									<Offset x="270" y="-15" />
								</Anchor>
							</Anchors>
						</FontString>

						<FontString name="abiShopFrame2Cash2" inherits="GameFontNormal" justifyH="RIGHT">
							<Size x="140" y="15" />
							<Anchors>
								<Anchor point="TOPLEFT">
									<Offset x="270" y="-35" />
								</Anchor>
							</Anchors>
						</FontString>

						<FontString name="abiShopFrame2Cash3" inherits="GameFontNormal" justifyH="RIGHT">
							<Size x="140" y="15" />
							<Anchors>
								<Anchor point="TOPLEFT">
									<Offset x="270" y="-55" />
								</Anchor>
							</Anchors>
						</FontString>

						<FontString name="abiShopFrame2Cash4" inherits="GameFontNormal" justifyH="RIGHT">
							<Size x="140" y="15" />
							<Anchors>
								<Anchor point="TOPLEFT">
									<Offset x="270" y="-75" />
								</Anchor>
							</Anchors>
						</FontString>

						<FontString name="abiShopFrame2Cash5" inherits="GameFontNormal" justifyH="RIGHT">
							<Size x="140" y="15" />
							<Anchors>
								<Anchor point="TOPLEFT">
									<Offset x="270" y="-95" />
								</Anchor>
							</Anchors>
						</FontString>

						<FontString name="abiShopFrame2Cash6" inherits="GameFontNormal" justifyH="RIGHT">
							<Size x="140" y="15" />
							<Anchors>
								<Anchor point="TOPLEFT">
									<Offset x="270" y="-115" />
								</Anchor>
							</Anchors>
						</FontString>

						<FontString name="abiShopFrame2Cash7" inherits="GameFontNormal" justifyH="RIGHT">
							<Size x="140" y="15" />
							<Anchors>
								<Anchor point="TOPLEFT">
									<Offset x="270" y="-135" />
								</Anchor>
							</Anchors>
						</FontString>

						<FontString name="abiShopFrame2Cash8" inherits="GameFontNormal" justifyH="RIGHT">
							<Size x="140" y="15" />
							<Anchors>
								<Anchor point="TOPLEFT">
									<Offset x="270" y="-155" />
								</Anchor>
							</Anchors>
						</FontString>

						<FontString name="abiShopFrame2Cash9" inherits="GameFontNormal" justifyH="RIGHT">
							<Size x="140" y="15" />
							<Anchors>
								<Anchor point="TOPLEFT">
									<Offset x="270" y="-175" />
								</Anchor>
							</Anchors>
						</FontString>

						<FontString name="abiShopFrame2Cash10" inherits="GameFontNormal" justifyH="RIGHT">
							<Size x="140" y="15" />
							<Anchors>
								<Anchor point="TOPLEFT">
									<Offset x="270" y="-195" />
								</Anchor>
							</Anchors>
						</FontString>
					</Layer>
				</Layers>
			</Frame>
			<Frame name="abiPartFrame3" enableMouse="true">
				<Size x="320" y="109" />
				<Anchors>
					<Anchor point="TOPLEFT">
						<Offset x="15" y="-225" />
					</Anchor>
				</Anchors>
				<Backdrop bgFile="Interface\DialogFrame\UI-DialogBox-Background" edgeFile="Interface\Tooltips\UI-Tooltip-Border" tile="true">
				</Backdrop>
				<Scripts>
					<OnEnter>abiShowFrameHelp(3)</OnEnter>
					<OnLeave>abiShowFrameHelp(6)</OnLeave>
				</Scripts>
				<Layers>
					<Layer>
						<FontString name="abiShopFrame3ItemNameString" inherits="GameFontNormal" justifyH="CENTRE">
							<Size x="295" y="22" />
							<Anchors>
								<Anchor point="TOPLEFT">
									<Offset x="0" y="-5" />
								</Anchor>
							</Anchors>
						</FontString>
						<FontString name="abiShopFrame3String1" inherits="GameFontNormal" text="|cffffffffBuy-Hi :" justifyH="LEFT">
							<Size x="60" y="22" />
							<Anchors>
								<Anchor point="TOPLEFT">
									<Offset x="35" y="-20" />
								</Anchor>
							</Anchors>
						</FontString> 
						<FontString name="abiShopFrame3String2" inherits="GameFontNormal" text="|cffffffffBuy-Lo :" justifyH="LEFT">
							<Size x="60" y="22" />
							<Anchors>
								<Anchor point="TOPLEFT">
									<Offset x="35" y="-35" />
								</Anchor>
							</Anchors>
						</FontString>
						<FontString name="abiShopFrame3String3" inherits="GameFontNormal" text="|cffffffffSold-Hi :" justifyH="LEFT">
							<Size x="60" y="22" />
							<Anchors>
								<Anchor point="TOPLEFT">
									<Offset x="35" y="-50" />
								</Anchor>
							</Anchors>
						</FontString>
						<FontString name="abiShopFrame3String4" inherits="GameFontNormal" text="|cffffffffSold-Lo :" justifyH="LEFT">
							<Size x="60" y="22" />
							<Anchors>
								<Anchor point="TOPLEFT">
									<Offset x="35" y="-65" />
								</Anchor>
							</Anchors>
						</FontString>
						<FontString name="abiShopFrame3RatioString1" inherits="GameFontNormal" text="|cffffffffRatio :" justifyH="LEFT">
							<Size x="60" y="22" />
							<Anchors>
								<Anchor point="TOPLEFT">
									<Offset x="35" y="-80" />
								</Anchor>
							</Anchors>
						</FontString>

						<FontString name="abiShopFrame3Cash1" inherits="GameFontNormal" justifyH="RIGHT">
							<Size x="165" y="15" />
							<Anchors>
								<Anchor point="TOPLEFT">
									<Offset x="100" y="-23" />
								</Anchor>
							</Anchors>
						</FontString>

						<FontString name="abiShopFrame3Cash2" inherits="GameFontNormal" justifyH="RIGHT">
							<Size x="165" y="15" />
							<Anchors>
								<Anchor point="TOPLEFT">
									<Offset x="100" y="-38" />
								</Anchor>
							</Anchors>
						</FontString>

						<FontString name="abiShopFrame3Cash3" inherits="GameFontNormal" justifyH="RIGHT">
							<Size x="165" y="15" />
							<Anchors>
								<Anchor point="TOPLEFT">
									<Offset x="100" y="-53" />
								</Anchor>
							</Anchors>
						</FontString>

						<FontString name="abiShopFrame3Cash4" inherits="GameFontNormal" justifyH="RIGHT">
							<Size x="165" y="15" />
							<Anchors>
								<Anchor point="TOPLEFT">
									<Offset x="100" y="-68" />
								</Anchor>
							</Anchors>
						</FontString>
						<FontString name="abiShopFrame3Ratio" inherits="GameFontNormal" justifyH="RIGHT">
							<Size x="165" y="15" />
							<Anchors>
								<Anchor point="TOPLEFT">
									<Offset x="100" y="-83" />
								</Anchor>
							</Anchors>
						</FontString>
					</Layer>
				</Layers>
			</Frame>
			<Frame name="abiPartFrame4" enableMouse="true">
				<Size x="445" y="109" />
				<Anchors>
					<Anchor point="TOPLEFT">
						<Offset x="345" y="-225" />
					</Anchor>
				</Anchors>
				<Backdrop bgFile="Interface\DialogFrame\UI-DialogBox-Background" edgeFile="Interface\Tooltips\UI-Tooltip-Border" tile="true">
				</Backdrop>
				<Frames>
					<Slider name="abiShopSlider1" inherits="OptionsSliderTemplate" minValue="25" maxValue="200" defaultValue="100" valueStep="5" orientation="HORIZONTAL">
						<Size x="284" y="21" />
						<Anchors>
							<Anchor point="TOPLEFT">
								<Offset x="80" y="-25" />
							</Anchor>
						</Anchors>
						<Scripts>
							<OnLoad>abiShopSlider1_OnLoad(self:GetName())</OnLoad>
							<OnValueChanged>abiSliderValueChanged()</OnValueChanged>
						</Scripts>
					</Slider>

					<Button name="abiShopSort" inherits="UIPanelButtonTemplate" text="Sort">
						<Size x="120" y="23" />
						<Anchors>
							<Anchor point="TOPLEFT">
								<Offset x="85" y="-49" />
							</Anchor>
						</Anchors>
						<Scripts>
							<OnClick>abiSortShoppingList()</OnClick>
							<OnEnter>abiShowFrameHelp(7)</OnEnter>
							<OnLeave>abiShowFrameHelp(6)</OnLeave>
						</Scripts>
					</Button>

					<Button name="abiShopStackButton" inherits="UIPanelButtonTemplate" text="Buyout Price">
						<Size x="120" y="23" />
						<Anchors>
							<Anchor point="TOPLEFT">
								<Offset x="85" y="-75" />
							</Anchor>
						</Anchors>
						<Scripts>
							<OnClick>abiShopStackButton_OnClick()</OnClick>
							<OnEnter>abiShowFrameHelp(8)</OnEnter>
							<OnLeave>abiShowFrameHelp(6)</OnLeave>
						</Scripts>
					</Button>
					<Button name="abiShopCostingButton" inherits="UIPanelButtonTemplate" text="Use : Buy Hi">
						<Size x="120" y="23" />
						<Anchors>
							<Anchor point="TOPLEFT">
								<Offset x="240" y="-49" />
							</Anchor>
						</Anchors>
						<Scripts>
							<OnClick>abiShopCostingChange()</OnClick>
							<OnEnter>abiShowFrameHelp(5)</OnEnter>
							<OnLeave>abiShowFrameHelp(6)</OnLeave>
						</Scripts>
					</Button>
					<Button name="abiShopUseClassButton" inherits="UIPanelButtonTemplate" text="Use Classes">
						<Size x="120" y="23" />
						<Anchors>
							<Anchor point="TOPLEFT">
								<Offset x="240" y="-75" />
							</Anchor>
						</Anchors>
						<Scripts>
							<OnClick>abiShopUseClassChange()</OnClick>
							<OnEnter>abiShowFrameHelp(4)</OnEnter>
							<OnLeave>abiShowFrameHelp(6)</OnLeave>
						</Scripts>
					</Button>
					<CheckButton name="abiShoppingPricesButton" inherits="UICheckButtonTemplate">
						<Size x="21" y="21" />
						<Anchors>
							<Anchor point="TOPLEFT">
								<Offset x="385" y="-49" />
							</Anchor>
						</Anchors>
						<Scripts>
							<OnClick>abiShoppingPricesButton_OnClick()</OnClick>
							<OnEnter>abiShoppingPricesShowHelp()</OnEnter>
							<OnLeave>abiShowFrameHelp(6)</OnLeave>
						</Scripts>
					</CheckButton>

				</Frames>
			</Frame>

			<Button name="abiGenerateButton" inherits="UIPanelButtonTemplate2" text="Generate">
				<Size x="81" y="24" />
				<Anchors>
					<Anchor point="TOPLEFT">
						<Offset x="569" y="-341" />
					</Anchor>
				</Anchors>
				<Scripts>
					<OnClick>abiGenerateButtonClicked()</OnClick>
					<OnEnter>abiShowFrameHelp(9)</OnEnter>
					<OnLeave>abiShowFrameHelp(6)</OnLeave>
				</Scripts>
			</Button>

			<Button name="abiShoppingSearchButton" inherits="UIPanelButtonTemplate2" text="Search">
				<Size x="81" y="24" />
				<Anchors>
					<Anchor point="TOPLEFT">
						<Offset x="650" y="-341" />
					</Anchor>
				</Anchors>
				<Scripts>
					<OnClick>abiShoppingSearchButton_OnClick()</OnClick>
					<OnEnter>abiShowFrameHelp(10)</OnEnter>
					<OnLeave>abiShowFrameHelp(6)</OnLeave>
				</Scripts>
			</Button>
			<Button name="abiShoppingButton3" inherits="UIPanelButtonTemplate2" text="Done">
				<Size x="81" y="24" />
				<Anchors>
					<Anchor point="TOPLEFT">
						<Offset x="731" y="-341" />
					</Anchor>
				</Anchors>
				<Scripts>
					<OnClick>abiShoppingButton3_OnClick()</OnClick>
					<OnEnter>abiShowFrameHelp(11)</OnEnter>
					<OnLeave>abiShowFrameHelp(6)</OnLeave>
				</Scripts>
			</Button>
		</Frames>
	</Frame>

</Ui>