<Ui xmlns:xsi="http://www.w3.org/2001/XMLSchema-instance" xmlns:xsd="http://www.w3.org/2001/XMLSchema" xmlns="http://www.blizzard.com/wow/ui/">
	<Frame name="abiSellingFrame" enableMouse="true">
		<Size x="813" y="343" />
		<Anchors>
			<Anchor point="TOPLEFT">
				<Offset x="108" y="-24" />
			</Anchor>
		</Anchors>
		<Scripts>
			<OnLoad>abiSellingFrame_OnLoad()</OnLoad>
			<OnUpdate>abiSellingFrameUpdate(self,elapsed)</OnUpdate>

		</Scripts>
		<Backdrop bgFile="Interface\DialogFrame\UI-DialogBox-Background" edgeFile="Interface\DialogFrame\UI-DialogBox-Border" tile="true">
			<BackgroundInsets>
				<AbsInset left="11" right="12" top="12" bottom="11" />
			</BackgroundInsets>
			<TileSize>
				<AbsValue val="32" />
			</TileSize>
			<EdgeSize>
				<AbsValue val="32" />
			</EdgeSize>
		</Backdrop>
		<Layers>
			<Layer>
				<FontString name="abiSellFrameHelp" inherits="GameFontNormal" text="" justifyH="CENTRE">
					<Size x="370" y="15" />
					<Anchors>
						<Anchor point="TOPLEFT">
							<Offset x="180" y="-345" />
						</Anchor>
					</Anchors>
				</FontString>

			</Layer>
		</Layers>
		<Frames>

			<Button name="abiSellingTimeButton" inherits="UIPanelButtonTemplate2" text="48 Hrs">
				<Size x="81" y="24" />
				<Anchors>
					<Anchor point="TOPLEFT">
						<Offset x="731" y="-341" />
				</Anchor>
				</Anchors>
				<Scripts>
					<OnClick>abiSellingTimeButtonClicked()</OnClick>
					<OnEnter>abiSellHelp(8)</OnEnter>
					<OnLeave>abiSellHelp(1)</OnLeave>
				</Scripts>
			</Button>
			<Button name="abiSellingSearchButton" inherits="UIPanelButtonTemplate2" text="Read Bags">
				<Size x="81" y="24" />
				<Anchors>
					<Anchor point="TOPLEFT">
						<Offset x="569" y="-341" />
					</Anchor>
				</Anchors>
				<Scripts>
					<OnClick>abiSellingSearchButtonClicked()</OnClick>
					<OnEnter>abiSellHelp(3)</OnEnter>
					<OnLeave>abiSellHelp(1)</OnLeave>
				</Scripts>
			</Button>
			<Button name="abiSellingLowestPriceButton" inherits="UIPanelButtonTemplate2" text="Get Low">
				<Size x="81" y="24" />
				<Anchors>
					<Anchor point="TOPLEFT">
						<Offset x="650" y="-341" />
				</Anchor>
				</Anchors>
				<Scripts>
					<OnClick>abiSellingLowestPriceButtonClicked()</OnClick>
					<OnEnter>abiSellHelp(4)</OnEnter>
					<OnLeave>abiSellHelp(1)</OnLeave>
				</Scripts>
			</Button>

			<Button name="abiSellingResetButton" inherits="UIPanelButtonTemplate2" text="Reset">
				<Size x="63" y="22" />
				<Anchors>
					<Anchor point="TOPLEFT">
						<Offset x="50" y="35" />
				</Anchor>
				</Anchors>
				<Scripts>
					<OnClick>abiSellingResetButtonClicked()</OnClick>
					<OnEnter>abiSellHelp(5)</OnEnter>
					<OnLeave>abiSellHelp(1)</OnLeave>
				</Scripts>
			</Button>
			<Button name="abiSellingAHTypeButton" inherits="UIPanelButtonTemplate2" text="Per Unit">
				<Size x="100" y="22" />
				<Anchors>
					<Anchor point="TOPLEFT">
						<Offset x="702" y="16" />
				</Anchor>
				</Anchors>
				<Scripts>
					<OnClick>abiSellingAHTypeButtonClicked()</OnClick>
					<OnEnter>abiSellHelp(6)</OnEnter>
					<OnLeave>abiSellHelp(1)</OnLeave>
				</Scripts>
			</Button>
			<Button name="abiUC1" inherits="UIPanelButtonTemplate" text="Cut">
				<Size x="43" y="20" />
				<Anchors>
					<Anchor point="TOPLEFT">
						<Offset x="707" y="-20" />
					</Anchor>
				</Anchors>
				<Scripts>
					<OnClick>abiUnderCutting_OnClick(1);</OnClick>
					<OnLeave>abiSellHelp(1)</OnLeave>
					<OnEnter>abiSellHelp(7)</OnEnter>
				</Scripts>
			</Button>
			<Button name="abiUC2" inherits="UIPanelButtonTemplate" text="Cut">
				<Size x="43" y="20" />
				<Anchors>
					<Anchor point="TOPLEFT">
						<Offset x="707" y="-40" />
					</Anchor>
				</Anchors>
				<Scripts>
					<OnClick>abiUnderCutting_OnClick(2);</OnClick>
					<OnLeave>abiSellHelp(1)</OnLeave>
					<OnEnter>abiSellHelp(7)</OnEnter>
				</Scripts>
			</Button>
			<Button name="abiUC3" inherits="UIPanelButtonTemplate" text="Cut">
				<Size x="43" y="20" />
				<Anchors>
					<Anchor point="TOPLEFT">
						<Offset x="707" y="-60" />
					</Anchor>
				</Anchors>
				<Scripts>
					<OnClick>abiUnderCutting_OnClick(3);</OnClick>
					<OnLeave>abiSellHelp(1)</OnLeave>
					<OnEnter>abiSellHelp(7)</OnEnter>
				</Scripts>
			</Button>
			<Button name="abiUC4" inherits="UIPanelButtonTemplate" text="Cut">
				<Size x="43" y="20" />
				<Anchors>
					<Anchor point="TOPLEFT">
						<Offset x="707" y="-80" />
					</Anchor>
				</Anchors>
				<Scripts>
					<OnClick>abiUnderCutting_OnClick(4);</OnClick>
					<OnLeave>abiSellHelp(1)</OnLeave>
					<OnEnter>abiSellHelp(7)</OnEnter>
				</Scripts>
			</Button>
			<Button name="abiUC5" inherits="UIPanelButtonTemplate" text="Cut">
				<Size x="43" y="20" />
				<Anchors>
					<Anchor point="TOPLEFT">
						<Offset x="707" y="-100" />
					</Anchor>
				</Anchors>
				<Scripts>
					<OnClick>abiUnderCutting_OnClick(5);</OnClick>
					<OnLeave>abiSellHelp(1)</OnLeave>
					<OnEnter>abiSellHelp(7)</OnEnter>
				</Scripts>
			</Button>
			<Button name="abiUC6" inherits="UIPanelButtonTemplate" text="Cut">
				<Size x="43" y="20" />
				<Anchors>
					<Anchor point="TOPLEFT">
						<Offset x="707" y="-120" />
					</Anchor>
				</Anchors>
				<Scripts>
					<OnClick>abiUnderCutting_OnClick(6);</OnClick>
					<OnLeave>abiSellHelp(1)</OnLeave>
					<OnEnter>abiSellHelp(7)</OnEnter>
				</Scripts>
			</Button>
			<Button name="abiUC7" inherits="UIPanelButtonTemplate" text="Cut">
				<Size x="43" y="20" />
				<Anchors>
					<Anchor point="TOPLEFT">
						<Offset x="707" y="-140" />
					</Anchor>
				</Anchors>
				<Scripts>
					<OnClick>abiUnderCutting_OnClick(7);</OnClick>
					<OnLeave>abiSellHelp(1)</OnLeave>
					<OnEnter>abiSellHelp(7)</OnEnter>
				</Scripts>
			</Button>
			<Button name="abiUC8" inherits="UIPanelButtonTemplate" text="Cut">
				<Size x="43" y="20" />
				<Anchors>
					<Anchor point="TOPLEFT">
						<Offset x="707" y="-160" />
					</Anchor>
				</Anchors>
				<Scripts>
					<OnClick>abiUnderCutting_OnClick(8);</OnClick>
					<OnLeave>abiSellHelp(1)</OnLeave>
					<OnEnter>abiSellHelp(7)</OnEnter>
				</Scripts>
			</Button>
			<Button name="abiUC9" inherits="UIPanelButtonTemplate" text="Cut">
				<Size x="43" y="20" />
				<Anchors>
					<Anchor point="TOPLEFT">
						<Offset x="707" y="-180" />
					</Anchor>
				</Anchors>
				<Scripts>
					<OnClick>abiUnderCutting_OnClick(9);</OnClick>
					<OnLeave>abiSellHelp(1)</OnLeave>
					<OnEnter>abiSellHelp(7)</OnEnter>
				</Scripts>
			</Button>
			<Button name="abiUC10" inherits="UIPanelButtonTemplate" text="Cut">
				<Size x="43" y="20" />
				<Anchors>
					<Anchor point="TOPLEFT">
						<Offset x="707" y="-200" />
					</Anchor>
				</Anchors>
				<Scripts>
					<OnClick>abiUnderCutting_OnClick(10);</OnClick>
					<OnLeave>abiSellHelp(1)</OnLeave>
					<OnEnter>abiSellHelp(7)</OnEnter>
				</Scripts>
			</Button>
			<Button name="abiUC11" inherits="UIPanelButtonTemplate" text="Cut">
				<Size x="43" y="20" />
				<Anchors>
					<Anchor point="TOPLEFT">
						<Offset x="707" y="-220" />
					</Anchor>
				</Anchors>
				<Scripts>
					<OnClick>abiUnderCutting_OnClick(11);</OnClick>
					<OnLeave>abiSellHelp(1)</OnLeave>
					<OnEnter>abiSellHelp(7)</OnEnter>
				</Scripts>
			</Button>
			<Button name="abiUC12" inherits="UIPanelButtonTemplate" text="Cut">
				<Size x="43" y="20" />
				<Anchors>
					<Anchor point="TOPLEFT">
						<Offset x="707" y="-240" />
					</Anchor>
				</Anchors>
				<Scripts>
					<OnClick>abiUnderCutting_OnClick(12);</OnClick>
					<OnLeave>abiSellHelp(1)</OnLeave>
					<OnEnter>abiSellHelp(7)</OnEnter>
				</Scripts>
			</Button>
			<Button name="abiSellingButton1" inherits="UIPanelButtonTemplate" text="Sell">
				<Size x="43" y="20" />
				<Anchors>
					<Anchor point="TOPLEFT">
						<Offset x="755" y="-20" />
					</Anchor>
				</Anchors>
				<Scripts>
					<OnClick>abiSellingButton_OnClick(1);</OnClick>
					<OnLeave>abiSellButton_OnLeave(1)</OnLeave>
					<OnEnter>abiSellButton_OnEnter(1)</OnEnter>
				</Scripts>
			</Button>
			<Button name="abiSellingButton2" inherits="UIPanelButtonTemplate" text="Sell">
				<Size x="43" y="20" />
				<Anchors>
					<Anchor point="TOPLEFT">
						<Offset x="755" y="-40" />
					</Anchor>
				</Anchors>
				<Scripts>
					<OnClick>abiSellingButton_OnClick(2);</OnClick>
					<OnLeave>abiSellButton_OnLeave(2)</OnLeave>
					<OnEnter>abiSellButton_OnEnter(2)</OnEnter>
				</Scripts>
			</Button>
			<Button name="abiSellingButton3" inherits="UIPanelButtonTemplate" text="Sell">
				<Size x="43" y="20" />
				<Anchors>
					<Anchor point="TOPLEFT">
						<Offset x="755" y="-60" />
					</Anchor>
				</Anchors>
				<Scripts>
					<OnClick>abiSellingButton_OnClick(3);</OnClick>
					<OnLeave>abiSellButton_OnLeave(3)</OnLeave>
					<OnEnter>abiSellButton_OnEnter(3)</OnEnter>
				</Scripts>
			</Button>
			<Button name="abiSellingButton4" inherits="UIPanelButtonTemplate" text="Sell">
				<Size x="43" y="20" />
				<Anchors>
					<Anchor point="TOPLEFT">
						<Offset x="755" y="-80" />
					</Anchor>
				</Anchors>
				<Scripts>
					<OnClick>abiSellingButton_OnClick(4);</OnClick>
					<OnLeave>abiSellButton_OnLeave(4)</OnLeave>
					<OnEnter>abiSellButton_OnEnter(4)</OnEnter>
				</Scripts>
			</Button>
			<Button name="abiSellingButton5" inherits="UIPanelButtonTemplate" text="Sell">
				<Size x="43" y="20" />
				<Anchors>
					<Anchor point="TOPLEFT">
						<Offset x="755" y="-100" />
					</Anchor>
				</Anchors>
				<Scripts>
					<OnClick>abiSellingButton_OnClick(5);</OnClick>
					<OnLeave>abiSellButton_OnLeave(5)</OnLeave>
					<OnEnter>abiSellButton_OnEnter(5)</OnEnter>
				</Scripts>
			</Button>
			<Button name="abiSellingButton6" inherits="UIPanelButtonTemplate" text="Sell">
				<Size x="43" y="20" />
				<Anchors>
					<Anchor point="TOPLEFT">
						<Offset x="755" y="-120" />
					</Anchor>
				</Anchors>
				<Scripts>
					<OnClick>abiSellingButton_OnClick(6);</OnClick>
					<OnLeave>abiSellButton_OnLeave(6)</OnLeave>
					<OnEnter>abiSellButton_OnEnter(6)</OnEnter>
				</Scripts>
			</Button>
			<Button name="abiSellingButton7" inherits="UIPanelButtonTemplate" text="Sell">
				<Size x="43" y="20" />
				<Anchors>
					<Anchor point="TOPLEFT">
						<Offset x="755" y="-140" />
					</Anchor>
				</Anchors>
				<Scripts>
					<OnClick>abiSellingButton_OnClick(7);</OnClick>
					<OnLeave>abiSellButton_OnLeave(7)</OnLeave>
					<OnEnter>abiSellButton_OnEnter(7)</OnEnter>
				</Scripts>
			</Button>
			<Button name="abiSellingButton8" inherits="UIPanelButtonTemplate" text="Sell">
				<Size x="43" y="20" />
				<Anchors>
					<Anchor point="TOPLEFT">
						<Offset x="755" y="-160" />
					</Anchor>
				</Anchors>
				<Scripts>
					<OnClick>abiSellingButton_OnClick(8);</OnClick>
					<OnLeave>abiSellButton_OnLeave(8)</OnLeave>
					<OnEnter>abiSellButton_OnEnter(8)</OnEnter>
				</Scripts>
			</Button>
			<Button name="abiSellingButton9" inherits="UIPanelButtonTemplate" text="Sell">
				<Size x="43" y="20" />
				<Anchors>
					<Anchor point="TOPLEFT">
						<Offset x="755" y="-180" />
					</Anchor>
				</Anchors>
				<Scripts>
					<OnClick>abiSellingButton_OnClick(9);</OnClick>
					<OnLeave>abiSellButton_OnLeave(9)</OnLeave>
					<OnEnter>abiSellButton_OnEnter(9)</OnEnter>
				</Scripts>
			</Button>
			<Button name="abiSellingButton10" inherits="UIPanelButtonTemplate" text="Sell">
				<Size x="43" y="20" />
				<Anchors>
					<Anchor point="TOPLEFT">
						<Offset x="755" y="-200" />
					</Anchor>
				</Anchors>
				<Scripts>
					<OnClick>abiSellingButton_OnClick(10);</OnClick>
					<OnLeave>abiSellButton_OnLeave(10)</OnLeave>
					<OnEnter>abiSellButton_OnEnter(10)</OnEnter>
				</Scripts>
			</Button>
			<Button name="abiSellingButton11" inherits="UIPanelButtonTemplate" text="Sell">
				<Size x="43" y="20" />
				<Anchors>
					<Anchor point="TOPLEFT">
						<Offset x="755" y="-220" />
					</Anchor>
				</Anchors>
				<Scripts>
					<OnClick>abiSellingButton_OnClick(11);</OnClick>
					<OnLeave>abiSellButton_OnLeave(11)</OnLeave>
					<OnEnter>abiSellButton_OnEnter(11)</OnEnter>
				</Scripts>
			</Button>
			<Button name="abiSellingButton12" inherits="UIPanelButtonTemplate" text="Sell">
				<Size x="43" y="20" />
				<Anchors>
					<Anchor point="TOPLEFT">
						<Offset x="755" y="-240" />
					</Anchor>
				</Anchors>
				<Scripts>
					<OnClick>abiSellingButton_OnClick(12);</OnClick>
					<OnLeave>abiSellButton_OnLeave(12)</OnLeave>
					<OnEnter>abiSellButton_OnEnter(12)</OnEnter>
				</Scripts>
			</Button>
			<MessageFrame name="abiSellMessageFrame1">
				<Size x="254" y="20" />
				<Anchors>
					<Anchor point="TOPLEFT">
						<Offset x="55" y="-20" />
					</Anchor>
				</Anchors>
				<Scripts>
					<OnLeave>abiSellMessageFrame_OnLeave(1)</OnLeave>
					<OnEnter>abiSellMessageFrame_OnEnter(1)</OnEnter>
					<OnMouseDown>abiSellMouseDown(1,button)</OnMouseDown>
				</Scripts>
			</MessageFrame>
			<MessageFrame name="abiSellMessageFrame2">
				<Size x="254" y="20" />
				<Anchors>
					<Anchor point="TOPLEFT">
						<Offset x="55" y="-40" />
					</Anchor>
				</Anchors>
				<Scripts>
					<OnLeave>abiSellMessageFrame_OnLeave(2)</OnLeave>
					<OnEnter>abiSellMessageFrame_OnEnter(2)</OnEnter>
					<OnMouseDown>abiSellMouseDown(2,button)</OnMouseDown>

				</Scripts>
			</MessageFrame>


			<MessageFrame name="abiSellMessageFrame3">
				<Size x="254" y="20" />
				<Anchors>
					<Anchor point="TOPLEFT">
						<Offset x="55" y="-60" />
					</Anchor>
				</Anchors>
				<Scripts>
					<OnLeave>abiSellMessageFrame_OnLeave(3)</OnLeave>
					<OnEnter>abiSellMessageFrame_OnEnter(3)</OnEnter>
					<OnMouseDown>abiSellMouseDown(3,button)</OnMouseDown>
				</Scripts>
			</MessageFrame>


			<MessageFrame name="abiSellMessageFrame4">
				<Size x="254" y="20" />
				<Anchors>
					<Anchor point="TOPLEFT">
						<Offset x="55" y="-80" />
					</Anchor>
				</Anchors>
				<Scripts>
					<OnLeave>abiSellMessageFrame_OnLeave(4)</OnLeave>
					<OnEnter>abiSellMessageFrame_OnEnter(4)</OnEnter>
					<OnMouseDown>abiSellMouseDown(4,button)</OnMouseDown>
				</Scripts>
			</MessageFrame>


			<MessageFrame name="abiSellMessageFrame5">
				<Size x="254" y="20" />
				<Anchors>
					<Anchor point="TOPLEFT">
						<Offset x="55" y="-100" />
					</Anchor>
				</Anchors>
				<Scripts>
					<OnLeave>abiSellMessageFrame_OnLeave(5)</OnLeave>
					<OnEnter>abiSellMessageFrame_OnEnter(5)</OnEnter>
					<OnMouseDown>abiSellMouseDown(5,button)</OnMouseDown>
				</Scripts>
			</MessageFrame>

			<MessageFrame name="abiSellMessageFrame6">
				<Size x="254" y="20" />
				<Anchors>
					<Anchor point="TOPLEFT">
						<Offset x="55" y="-120" />
					</Anchor>
				</Anchors>
				<Scripts>
					<OnLeave>abiSellMessageFrame_OnLeave(6)</OnLeave>
					<OnEnter>abiSellMessageFrame_OnEnter(6)</OnEnter>
					<OnMouseDown>abiSellMouseDown(6,button)</OnMouseDown>
				</Scripts>
			</MessageFrame>


			<MessageFrame name="abiSellMessageFrame7">
				<Size x="254" y="20" />
				<Anchors>
					<Anchor point="TOPLEFT">
						<Offset x="55" y="-140" />
					</Anchor>
				</Anchors>
				<Scripts>
					<OnLeave>abiSellMessageFrame_OnLeave(7)</OnLeave>
					<OnEnter>abiSellMessageFrame_OnEnter(7)</OnEnter>
					<OnMouseDown>abiSellMouseDown(7,button)</OnMouseDown>
				</Scripts>
			</MessageFrame>


			<MessageFrame name="abiSellMessageFrame8">
				<Size x="254" y="20" />
				<Anchors>
					<Anchor point="TOPLEFT">
						<Offset x="55" y="-160" />
					</Anchor>
				</Anchors>
				<Scripts>
					<OnLeave>abiSellMessageFrame_OnLeave(8)</OnLeave>
					<OnEnter>abiSellMessageFrame_OnEnter(8)</OnEnter>
					<OnMouseDown>abiSellMouseDown(8,button)</OnMouseDown>
				</Scripts>
			</MessageFrame>


			<MessageFrame name="abiSellMessageFrame9">
				<Size x="254" y="20" />
				<Anchors>
					<Anchor point="TOPLEFT">
						<Offset x="55" y="-180" />
					</Anchor>
				</Anchors>
				<Scripts>
					<OnLeave>abiSellMessageFrame_OnLeave(9)</OnLeave>
					<OnEnter>abiSellMessageFrame_OnEnter(9)</OnEnter>
					<OnMouseDown>abiSellMouseDown(9,button)</OnMouseDown>
				</Scripts>
			</MessageFrame>


			<MessageFrame name="abiSellMessageFrame10">
				<Size x="254" y="20" />
				<Anchors>
					<Anchor point="TOPLEFT">
						<Offset x="55" y="-200" />
					</Anchor>
				</Anchors>
				<Scripts>
					<OnLeave>abiSellMessageFrame_OnLeave(10)</OnLeave>
					<OnEnter>abiSellMessageFrame_OnEnter(10)</OnEnter>
					<OnMouseDown>abiSellMouseDown(10,button)</OnMouseDown>
				</Scripts>
			</MessageFrame>


			<MessageFrame name="abiSellMessageFrame11">
				<Size x="254" y="20" />
				<Anchors>
					<Anchor point="TOPLEFT">
						<Offset x="55" y="-220" />
					</Anchor>
				</Anchors>
				<Scripts>
					<OnLeave>abiSellMessageFrame_OnLeave(11)</OnLeave>
					<OnEnter>abiSellMessageFrame_OnEnter(11)</OnEnter>
					<OnMouseDown>abiSellMouseDown(11,button)</OnMouseDown>
				</Scripts>
			</MessageFrame>

			<MessageFrame name="abiSellMessageFrame12">
				<Size x="254" y="20" />
				<Anchors>
					<Anchor point="TOPLEFT">
						<Offset x="55" y="-240" />
					</Anchor>
				</Anchors>
				<Scripts>
					<OnLeave>abiSellMessageFrame_OnLeave(12)</OnLeave>
					<OnEnter>abiSellMessageFrame_OnEnter(12)</OnEnter>
					<OnMouseDown>abiSellMouseDown(12,button)</OnMouseDown>
				</Scripts>
			</MessageFrame>


			<ScrollFrame name="abiSellingScrollFrame" inherits="FauxScrollFrameTemplate">
				<Size x="5" y="235" />
				<Anchors>
					<Anchor point="TOPLEFT">
						<Offset x="5" y="-23" />
					</Anchor>
				</Anchors>
				<Scripts>
					<OnVerticalScroll>FauxScrollFrame_OnVerticalScroll(self,offset,15,abiSellingScrollFrameUpdate)</OnVerticalScroll>
				</Scripts>
			</ScrollFrame>

			<Frame name="abiSellingBottomFrame" enableMouse="true">
				<Size x="798" y="77" />
				<Anchors>
					<Anchor point="TOPLEFT">
						<Offset x="8" y="-258" />
					</Anchor>
				</Anchors>
				<Backdrop bgFile="Interface\DialogFrame\UI-DialogBox-Background" edgeFile="Interface\Tooltips\UI-Tooltip-Border" tile="true">
				</Backdrop>
				<Frames>
					<MessageFrame name="abiSellSliderMessage1">
						<Size x="100" y="22" />
						<Anchors>
							<Anchor point="TOPLEFT">
								<Offset x="110" y="-45" />
							</Anchor>
						</Anchors>
						<Scripts>
							<OnMouseDown>abiResetSlider1()</OnMouseDown>
						</Scripts>
						<Layers>
							<Layer>
								<FontString name="abiSellSliderText1" inherits="GameFontNormal" text="Start Bid Prices" justifyH="CENTRE">
									<Size x="100" y="22" />
									<Anchors>
										<Anchor point="TOPLEFT">
											<Offset x="0" y="0" />
										</Anchor>
									</Anchors>
								</FontString>
							</Layer>
						</Layers>
					</MessageFrame>

					<MessageFrame name="abiSellSliderMessage2">
						<Size x="165" y="22" />
						<Anchors>
							<Anchor point="TOPLEFT">
								<Offset x="317" y="-45" />
							</Anchor>
						</Anchors>
						<Scripts>
							<OnMouseDown>abiResetSlider2()</OnMouseDown>
						</Scripts>
						<Layers>
							<Layer>
								<FontString name="abiSellSliderText2" inherits="GameFontNormal" text="Buyout Price Adjustment" justifyH="CENTRE">
									<Size x="165" y="22" />
									<Anchors>
										<Anchor point="TOPLEFT">
											<Offset x="0" y="0" />
										</Anchor>
									</Anchors>
								</FontString>
							</Layer>
						</Layers>
					</MessageFrame>


					<MessageFrame name="abiSellSliderMessage3">
						<Size x="155" y="22" />
						<Anchors>
							<Anchor point="TOPLEFT">
								<Offset x="562" y="-45" />
							</Anchor>
						</Anchors>
						<Scripts>
							<OnMouseDown>abiResetSlider3()</OnMouseDown>
						</Scripts>
						<Layers>
							<Layer>
								<FontString name="abiSellSliderText3" inherits="GameFontNormal" text="Undercut Percentage" justifyH="CENTRE">
									<Size x="155" y="22" />
									<Anchors>
										<Anchor point="TOPLEFT">
											<Offset x="0" y="0" />
										</Anchor>
									</Anchors>
								</FontString>
							</Layer>
						</Layers>
					</MessageFrame>



					<Slider name="abiSellingSlider1" inherits="OptionsSliderTemplate" minValue="1" maxValue="50" defaultValue="10" valueStep="1" orientation="HORIZONTAL">
						<Size x="220" y="15" />
						<Anchors>
							<Anchor point="TOPLEFT">
								<Offset x="50" y="-27" />
							</Anchor>
						</Anchors>
						<Scripts>
							<OnLoad>abiSellingSlider1_OnLoad(self:GetName())</OnLoad>
							<OnValueChanged>abiSellingSlider1ValueChanged()</OnValueChanged>
						</Scripts>
					</Slider>

					<Slider name="abiSellingSlider2" inherits="OptionsSliderTemplate" minValue="-90" maxValue="500" defaultValue="0" valueStep="10" orientation="HORIZONTAL">
						<Size x="220" y="15" />
						<Anchors>
							<Anchor point="TOPLEFT">
								<Offset x="290" y="-27" />
							</Anchor>
						</Anchors>
						<Scripts>
							<OnLoad>abiSellingSlider2_OnLoad(self:GetName())</OnLoad>
							<OnValueChanged>abiSellingSlider2ValueChanged()</OnValueChanged>
						</Scripts>
					</Slider>


					<Slider name="abiSellingSlider3" inherits="OptionsSliderTemplate" minValue="1" maxValue="50" defaultValue="5" valueStep="1" orientation="HORIZONTAL">
						<Size x="220" y="15" />
						<Anchors>
							<Anchor point="TOPLEFT">
								<Offset x="530" y="-27" />
							</Anchor>
						</Anchors>
						<Scripts>
							<OnLoad>abiSellingSlider3_OnLoad(self:GetName())</OnLoad>
							<OnValueChanged>abiSellingSlider3ValueChanged()</OnValueChanged>
						</Scripts>
					</Slider>

				</Frames>
			</Frame>
		</Frames>
	</Frame>
</Ui>