<Ui xmlns="http://www.blizzard.com/wow/ui/" xmlns:xsi="http://www.w3.org/2001/XMLSchema-instance" xsi:schemaLocation="http://www.blizzard.com/wow/ui/
..\FrameXML\UI.xsd">
    <Script file="ExtVendor.lua"/>

    <EditBox name="EV_SearchBoxTemplate" enableMouse="true" virtual="true">
        <Layers>
            <Layer level="BACKGROUND">
                <Texture name="$parentLeft" urgency="5" file="Interface\Common\Common-Input-Border">
                    <Size>
                        <AbsDimension x="8" y="20"/>
                    </Size>
                    <Anchors>
                        <Anchor point="LEFT">
                            <Offset>
                                <AbsDimension x="-20" y="0"/>
                            </Offset>
                        </Anchor>
                    </Anchors>
                    <TexCoords left="0" right="0.0625" top="0" bottom="0.625"/>
                </Texture>
                <Texture name="$parentRight" urgency="5" file="Interface\Common\Common-Input-Border">
                    <Size>
                        <AbsDimension x="8" y="20"/>
                    </Size>
                    <Anchors>
                        <Anchor point="RIGHT">
                            <Offset>
                                <AbsDimension x="0" y="0"/>
                            </Offset>
                        </Anchor>
                    </Anchors>
                    <TexCoords left="0.9375" right="1.0" top="0" bottom="0.625"/>
                </Texture>
                <Texture name="$parentMiddle" urgency="5" file="Interface\Common\Common-Input-Border">
                    <Size>
                        <AbsDimension x="10" y="20"/>
                    </Size>
                    <Anchors>
                        <Anchor point="LEFT" relativeTo="$parentLeft" relativePoint="RIGHT"/>
                        <Anchor point="RIGHT" relativeTo="$parentRight" relativePoint="LEFT"/>
                    </Anchors>
                    <TexCoords left="0.0625" right="0.9375" top="0" bottom="0.625"/>
                </Texture>
            </Layer>
            <Layer level="ARTWORK">
                <Texture name="$parentSearchIcon" file="Interface\Common\UI-Searchbox-Icon">
                    <Size>
                        <AbsDimension x="14" y="14"/>
                    </Size>
                    <Anchors>
                        <Anchor point="RIGHT" relativePoint="LEFT">
                            <Offset>
                                <AbsDimension x="-2" y="-2"/>
                            </Offset>
                        </Anchor>
                    </Anchors>
                    <Color r="0.7" g="0.7" b="0.7"/>
                </Texture>
            </Layer>
        </Layers>
        <Scripts>
            <OnEscapePressed>
                EditBox_ClearFocus(self);
            </OnEscapePressed>
            <OnEditFocusLost>
                EditBox_ClearHighlight(self);
            </OnEditFocusLost>
            <OnEditFocusGained>
                EditBox_HighlightText(self);
            </OnEditFocusGained>
        </Scripts>
        <FontString inherits="ChatFontNormal"/>
    </EditBox>

    <Frame name="ExtVendor">
        <Scripts>
            <OnLoad>
                ExtVendor_OnLoad(self);
            </OnLoad>
            <OnEvent>
                ExtVendor_OnEvent(self, event, ...);
            </OnEvent>
        </Scripts>
    </Frame>
    
</Ui>
