<Ui xmlns="http://www.blizzard.com/wow/ui/" xmlns:xsi="http://www.w3.org/2001/XMLSchema-instance" xsi:schemaLocation="http://www.blizzard.com/wow/ui/
..\FrameXML\UI.xsd">
	<Script file="ActionBar.lua"/>
	<Button name="BlizzContainerButtonTemplate" toplevel="true" enableMouse="true" virtual="true">
		<Size x="50" y="50"/>
		<HighlightTexture alphaMode="ADD" file="Interface\Minimap\UI-Minimap-ZoomButton-Highlight"/>
		<PushedTexture alphaMode="ADD" file="Interface\Minimap\UI-Minimap-ZoomButton-Highlight"/>
		<Scripts>
			<OnLoad>
				self:GetPushedTexture():SetDesaturated(true)
				self:RegisterForDrag("LeftButton", "RightButton")
			</OnLoad>
			<OnShow>
				local id = self:GetParent():GetID()
				if id == 0 then
					self:EnableMouse(false)
				else
					self:EnableMouse(true)
				end	
				self.slotButton = _G["CharacterBag"..id-(1).."Slot"]
				self.portraitTexture = _G[self:GetParent():GetParent():GetName().."Portrait"]
			</OnShow>
			<OnClick>
				if CursorHasItem() then
					PutItemInBag(self.slotButton:GetID())
				else
					BagSlotButton_OnDrag(self.slotButton)
				end
			</OnClick>
			<OnMouseDown>
				if not CursorHasItem() then
					self.portraitTexture:SetDesaturated(true)
				end
			</OnMouseDown>
			<OnMouseUp>
				self.portraitTexture:SetDesaturated(false)
			</OnMouseUp>
			<OnDragStart>
				self.portraitTexture:SetDesaturated(false)
				BagSlotButton_OnDrag(self.slotButton)
			</OnDragStart>
			<OnEnter>
				GameTooltip:SetOwner(self, "ANCHOR_LEFT")
				if GameTooltip:SetInventoryItem("player", ContainerIDToInventoryID(self:GetID()+1)) then
					local binding = GetBindingKey("TOGGLEBAG"..(4 - self:GetID()))
					if binding then
						GameTooltip:AppendText(" "..NORMAL_FONT_COLOR_CODE.."("..binding..")"..FONT_COLOR_CODE_CLOSE)
					end
				end
			</OnEnter>
			<OnLeave>
				GameTooltip:Hide()
			</OnLeave>
		</Scripts>
	</Button>
	<Button name="ContainerFrame1PortraitButtonSlot" id="0" inherits="BlizzContainerButtonTemplate" parent="ContainerFrame1PortraitButton">
		<Anchors>
			<Anchor point="CENTER" x="-3" y="1"/>
		</Anchors>
	</Button>
	<Button name="ContainerFrame2PortraitButtonSlot" id="0" inherits="BlizzContainerButtonTemplate" parent="ContainerFrame2PortraitButton">
		<Anchors>
			<Anchor point="CENTER" x="-3" y="1"/>
		</Anchors>
	</Button>
	<Button name="ContainerFrame3PortraitButtonSlot" id="1" inherits="BlizzContainerButtonTemplate" parent="ContainerFrame3PortraitButton">
		<Anchors>
			<Anchor point="CENTER" x="-3" y="1"/>
		</Anchors>
	</Button>
	<Button name="ContainerFrame4PortraitButtonSlot" id="2" inherits="BlizzContainerButtonTemplate" parent="ContainerFrame4PortraitButton">
		<Anchors>
			<Anchor point="CENTER" x="-3" y="1"/>
		</Anchors>
	</Button>
	<Button name="ContainerFrame5PortraitButtonSlot" id="3" inherits="BlizzContainerButtonTemplate" parent="ContainerFrame5PortraitButton">
		<Anchors>
			<Anchor point="CENTER" x="-3" y="1"/>
		</Anchors>
	</Button>
	<Frame name="BlizzActionBar" parent="MainMenuBar" frameStrata="BACKGROUND">
		<Size x="1000" y="100"/>
		<Anchors>
			<Anchor point="BOTTOM" relativeTo="UIParent" relativePoint="BOTTOM" x="0" y="0"/>
		</Anchors>
		<Layers>
			<Layer level="OVERLAY">
				<Texture name="$parentEndCapL" parentKey="EndCapL">
					<Size x="178" y="152"/>
					<Anchors>
						<Anchor point="BOTTOMLEFT"/>
					</Anchors>				
					<TexCoords left="0.001953125" right="0.3496094" top="0.6992188" bottom="0.9960938"/>
				</Texture>
				<Texture name="$parentEndCapR" parentKey="EndCapR">
					<Size x="178" y="152"/>
					<Anchors>
						<Anchor point="BOTTOMRIGHT"/>
					</Anchors>
					<TexCoords  left="0.3496094" right="0.001953125" top="0.6992188" bottom="0.9960938"/>
				</Texture>
			</Layer>
			<Layer level="BORDER" textureSubLevel="1">
				<Texture name="$parentDivider2" parentKey="Divider2">
					<Size x="48" y="112"/>
					<Anchors>
						<Anchor point="BOTTOM" x="103"/>
					</Anchors>
					<TexCoords left="0.4042969" right="0.4980469" top="0.3632813" bottom="0.5820313"/>
				</Texture>
			</Layer>
			<Layer level="BACKGROUND" textureSubLevel="0">
				<Texture name="$parentBG" parentKey="_BG" horizTile="true">
					<Size x="256" y="94"/>
					<Anchors>
						<Anchor point="BOTTOMLEFT" relativeTo="$parentEndCapL" relativePoint="BOTTOMRIGHT" x="-55"/>
						<Anchor point="BOTTOMRIGHT" relativeTo="$parentEndCapR" relativePoint="BOTTOMLEFT" x="55"/>
					</Anchors>
					<TexCoords left="0" right="1" top="0.1738281" bottom="0.3574219"/>
				</Texture>
			</Layer>
			<Layer level="BACKGROUND" textureSubLevel="1">
				<Texture name="$parentMicroBGL" parentKey="MicroBGL">
					<Size x="20" y="85"/>
					<Anchors>
						<Anchor point="BOTTOMLEFT" relativeTo="$parentDivider2" relativePoint="BOTTOMRIGHT" x="-20"/>
					</Anchors>
					<TexCoords left="0.3046875" right="0.34375002" top="0.359375" bottom="0.5234375"/>
				</Texture>
				<Texture name="$parentMicroBGMid" parentKey="_MicroBGMid">
					<Size x="135" y="85"/>
					<Anchors>
						<Anchor point="LEFT" relativeTo="$parentMicroBGL" relativePoint="RIGHT"/>
					</Anchors>
					<TexCoords left="0.34375002" right="0.36328128" top="0.359375" bottom="0.5234375"/>
				</Texture>
				<Texture name="$parentMicroBGR" parentKey="MicroBGR">
					<Size x="20" y="85"/>
					<Anchors>
						<Anchor point="LEFT" relativeTo="$parentMicroBGMid" relativePoint="RIGHT"/>
					</Anchors>
					<TexCoords left="0.36328128" right="0.4023438" top="0.359375" bottom="0.5234375"/>
				</Texture>
				<Texture name="$parentButtonBGR" parentKey="ButtonBGR">
					<Size x="20" y="114"/>
					<Anchors>
						<Anchor point="BOTTOMRIGHT" relativeTo="$parentDivider2" relativePoint="BOTTOMLEFT" x="20" y="-15"/>
					</Anchors>
					<TexCoords left="0.36328128" right="0.4023438" top="0.359375" bottom="0.5234375"/>
				</Texture>
				<Texture name="$parentButtonBGMid" parentKey="_ButtonBGMid">
					<Size x="490" y="114"/>
					<Anchors>
						<Anchor point="RIGHT" relativeTo="$parentButtonBGR" relativePoint="LEFT"/>
					</Anchors>
					<TexCoords left="0.34375002" right="0.36328128" top="0.359375" bottom="0.5234375"/>
				</Texture>
				<Texture name="$parentButtonBGL" parentKey="ButtonBGL">
					<Size x="20" y="114"/>
					<Anchors>
						<Anchor point="RIGHT" relativeTo="$parentButtonBGMid" relativePoint="LEFT"/>
					</Anchors>
					<TexCoords left="0.3046875" right="0.34375002" top="0.359375" bottom="0.5234375"/>
				</Texture>
			</Layer>
			<Layer level="BORDER" textureSubLevel="0">
				<Texture name="$parentBoarder" parentKey="_Boarder" horizTile="true">
					<Size x="256" y="36"/>
					<Anchors>
						<Anchor point="TOPLEFT" relativeTo="$parentBG" y="18"/>
						<Anchor point="TOPRIGHT" relativeTo="$parentBG" y="18"/>
					</Anchors>
					<TexCoords left="0" right="1" top="0.001953125" bottom="0.07226563"/>
				</Texture>
			</Layer>
		</Layers>
		<Frames>
			<Frame name="$parentPageFrame" parentKey="pageFrame">
				<Size x="100" y="100"/>
				<Anchors>
					<Anchor point="BOTTOMRIGHT" relativeTo="$parentButtonBGL" relativePoint="BOTTOMLEFT" x="-5"/>
				</Anchors>
				<Layers>
					<Layer level="BORDER" textureSubLevel="1">
						<Texture name="$parentDivider1" parentKey="Divider1">
							<Size x="48" y="112"/>
							<Anchors>
								<Anchor point="BOTTOM" relativePoint="BOTTOMRIGHT" y="15"/>
							</Anchors>
							<TexCoords left="0.4042969" right="0.4980469" top="0.7792969" bottom="0.9980469"/>
						</Texture>
					</Layer>					
					<Layer level="BORDER" textureSubLevel="-1">			
						<Texture name="$parentPageOverlay" parentKey="PageOverlay">
							<Size x="26" y="94"/>
							<Anchors>
								<Anchor point="BOTTOMRIGHT" relativeTo="$parentDivider1" relativePoint="BOTTOMLEFT" x="18"/>
							</Anchors>
							<TexCoords left="0.3515625" right="0.4023438" top="0.8125" bottom="0.9960938"/>
						</Texture>
					</Layer>
					<Layer level="BACKGROUND" textureSubLevel="0">
						<Texture name="$parentPageBG" parentKey="PageBG">
							<Size x="10" y="74"/>
							<Anchors>
								<Anchor point="CENTER" relativeTo="$parentPageOverlay" y="-5"/>
							</Anchors>
							<TexCoords left="0.1699219" right="0.1894531" top="0.359375" bottom="0.5039063"/>
						</Texture>
						<Texture name="$parentPageButtonBG" parentKey="PageButtonBG">
							<Size x="58" y="94"/>
							<Anchors>
								<Anchor point="BOTTOMRIGHT" relativeTo="$parentPageOverlay" relativePoint="BOTTOMLEFT" x="8"/>
							</Anchors>
							<TexCoords left="0.5" right="0.6132813" top="0.359375" bottom="0.5429688"/>
						</Texture>
					</Layer>
					<Layer level="BACKGROUND" textureSubLevel="1">
						<Texture name="$parentPageMarker" parentKey="PageMarker" alphaMode="ADD">
							<Size x="10" y="14"/>
							<Anchors>
								<Anchor point="CENTER" relativePoint="BOTTOM" relativeTo="$parentPageOverlay" y="30"/>
							</Anchors>
							<TexCoords left="0.2734375" right="0.2929688" top="0.359375" bottom="0.3867188"/>
						</Texture>
					</Layer>
				</Layers>
				<Frames>
					<Button name="$parentPageUpButton" inherits="SecureActionButtonTemplate" parentKey="PageUpButton">
						<Size x="34" y="34"/>
						<Anchors>
							<Anchor point="BOTTOM" relativeTo="$parentPageButtonBG" x="0" y="14"/>
						</Anchors>
						<NormalTexture>
							<TexCoords left="0.001953125" right="0.06835938" top="0.4433594" bottom="0.5097656"/>
						</NormalTexture>
						<PushedTexture>
							<TexCoords left="0.0703125" right="0.1367188" top="0.4433594" bottom="0.5097656"/>
						</PushedTexture>
						<HighlightTexture alphaMode="ADD">
							<TexCoords left="0.6992188" right="0.765625" top="0.359375" bottom="0.4257813"/>
						</HighlightTexture>
						<Scripts>
							<OnLoad>
								self:SetAttribute("type", "actionbar")
								self:SetAttribute("action", "increment")
							</OnLoad>
						</Scripts>
					</Button>
					<Button name="$parentPageDownButton" inherits="SecureActionButtonTemplate" parentKey="PageDownButton">
						<Size x="34" y="34"/>
						<Anchors>
							<Anchor point="BOTTOM" relativeTo="$parentPageButtonBG" x="0" y="-22"/>
						</Anchors>
						<NormalTexture>
							<TexCoords left="0.2890625" right="0.3554688" top="0.5644531" bottom="0.6308594"/>
						</NormalTexture>
						<PushedTexture>
							<TexCoords left="0.2890625" right="0.3554688" top="0.6308594" bottom="0.6972656"/>
						</PushedTexture>
						<HighlightTexture alphaMode="ADD">
							<TexCoords left="0.6992188" right="0.765625" top="0.359375" bottom="0.4257813"/>
						</HighlightTexture>
						<Scripts>
							<OnLoad>
								self:SetAttribute("type", "actionbar")
								self:SetAttribute("action", "decrement")
							</OnLoad>
						</Scripts>
					</Button>
				</Frames>
				<Scripts>
					<OnLoad>
						--Used to set the skin
						local parent = self:GetParent()
						parent.Divider1 = self.Divider1
						parent.PageOverlay = self.PageOverlay
						parent.PageButtonBG = self.PageButtonBG
						parent.PageBG = self.PageBG
						parent.PageMarker = self.PageMarker
						parent.PageUpButton = self.PageUpButton
						parent.PageDownButton = self.PageDownButton
					</OnLoad>
				</Scripts>
			</Frame>
			<Frame name="$parentBagFrame" parentKey="bagFrame">
				<Size x="100" y="100"/>
				<Anchors>
					<Anchor point="BOTTOMLEFT" relativeTo="$parentMicroBGR" relativePoint="BOTTOMRIGHT" x="5"/>
				</Anchors>
				<Layers>
					<Layer level="BORDER" textureSubLevel="1">
						<Texture name="$parentDivider3" parentKey="Divider3">
							<Size x="48" y="112"/>
							<Anchors>
								<Anchor point="BOTTOM" relativePoint="BOTTOMLEFT"/>
							</Anchors>
							<TexCoords left="0.4042969" right="0.4980469" top="0.7792969" bottom="0.9980469"/>
						</Texture>
						<Texture name="$parentBagBGL" parentKey="BagBGL">
							<Size x="20" y="79"/>
							<Anchors>
								<Anchor point="BOTTOMLEFT" relativeTo="$parentDivider3" relativePoint="BOTTOMRIGHT" x="-20"/>
							</Anchors>
							<TexCoords left="0.3046875" right="0.34375002" top="0.359375" bottom="0.5234375"/>
						</Texture>
						<Texture name="$parentBagBGMid" parentKey="_BagBGMid">
							<Size x="45" y="79"/>
							<Anchors>
								<Anchor point="LEFT" relativeTo="$parentBagBGL" relativePoint="RIGHT"/>
							</Anchors>
							<TexCoords left="0.34375002" right="0.36328128" top="0.359375" bottom="0.5234375"/>
						</Texture>
						<Texture name="$parentBagBGR" parentKey="BagBGR">
							<Size x="20" y="79"/>
							<Anchors>
								<Anchor point="LEFT" relativeTo="$parentBagBGMid" relativePoint="RIGHT"/>
							</Anchors>
							<TexCoords left="0.36328128" right="0.4023438" top="0.359375" bottom="0.5234375"/>
						</Texture>
					</Layer>
				</Layers>
				<Scripts>
					<OnLoad>
						--Used to set the skin
						local parent = self:GetParent()
						parent.Divider3 = self.Divider3
						parent.BagBGL = self.BagBGL
						parent._BagBGMid = self._BagBGMid
						parent.BagBGR = self.BagBGR
					</OnLoad>
				</Scripts>
			</Frame>
			<Button name="$parentBackpackButton" inherits="MainMenuBarMicroButton">
				<Anchors>
					<Anchor point="BOTTOMRIGHT" relativeTo="$parentMicroBGR" relativePoint="BOTTOMRIGHT">
						<Offset>
							<AbsDimension x="-12" y="8"/>
						</Offset>
					</Anchor>
				</Anchors>
				<Scripts>
					<OnLoad>
						self:SetFrameLevel(self:GetFrameLevel()+2)
						LoadMicroButtonTextures(self, "Abilities")
					</OnLoad>
					<OnClick>
						ToggleAllBags()
					</OnClick>
					<OnEnter>
						GameTooltip:SetOwner(self, "ANCHOR_LEFT")
						GameTooltip:SetText(BACKPACK_TOOLTIP, 1.0, 1.0, 1.0)
						local keyBinding = GetBindingKey("TOGGLEBACKPACK")
						if keyBinding then
							GameTooltip:AppendText(" "..NORMAL_FONT_COLOR_CODE.."("..keyBinding..")"..FONT_COLOR_CODE_CLOSE)
						end
						GameTooltip:AddLine(string.format(NUM_FREE_SLOTS, (MainMenuBarBackpackButton.freeSlots or 0)))
						GameTooltip:Show()
					</OnEnter>
					<OnLeave>
						GameTooltip:Hide()
					</OnLeave>
				</Scripts>
			</Button>
			<StatusBar name="$parentExpBar" inherits="TextStatusBar" parentKey="xpBar">
				<Size x="100" y="16"/>
				<Anchors>
					<Anchor point="TOP" relativeTo="$parentBG" x="0" y="26"/>
				</Anchors>
				<Layers>
					<Layer level="BACKGROUND" textureSubLevel="0">
						<Texture>
							<Color r="0.0" g="0.0" b="0.0" a="0.5"/>
						</Texture>
					</Layer>
					<Layer level="OVERLAY" textureSubLevel="1">
						<Texture name="$parentXpMid" parentKey="_XpMid" horizTile="true">
							<Size x="400" y="50"/>
							<Anchors>
								<Anchor point="TOP" x="0" y="9"/>
							</Anchors>
							<TexCoords left="0" right="1" top="0.07421875" bottom="0.171875"/>
						</Texture>
						<Texture name="$parentXpL" parentKey="XpL">
							<Size x="20" y="50"/>
							<Anchors>
								<Anchor point="RIGHT" relativeTo="$parentXpMid" relativePoint="LEFT" x="1"/>
							</Anchors>
							<TexCoords left="0.2324219" right="0.2714844" top="0.359375" bottom="0.4570313"/>
						</Texture>
						<Texture name="$parentXpR" parentKey="XpR">
							<Size x="20" y="50"/>
							<Anchors>
								<Anchor point="LEFT" relativeTo="$parentXpMid" relativePoint="RIGHT" x="-1"/>
							</Anchors>
							<TexCoords left="0.1914063" right="0.2304688" top="0.359375" bottom="0.4570313"/>
						</Texture>
					</Layer>
				</Layers>
				<Frames>
					<Frame name="$parentOverlayFrame" frameStrata="DIALOG">
						<Anchors>
							<Anchor point="TOPLEFT" y="-3"/>
							<Anchor point="BOTTOMRIGHT" y="2"/>
						</Anchors>
						<Layers>
							<Layer level="ARTWORK">
								<FontString name="$parentText" inherits="TextStatusBarText" parentKey="text">
									<Anchors>
										<Anchor point="CENTER" x="0" y="2"/>
									</Anchors>
								</FontString>
							</Layer>
						</Layers>
						<Scripts>
							<OnLoad>
								SetTextStatusBarText(self:GetParent(), self.text)
							</OnLoad>
						</Scripts>
					</Frame>
				</Frames>
				<Scripts>
					<OnLoad>
						local parent = self:GetParent()
						parent.XpL = self.XpL
						parent._XpMid = self._XpMid
						parent.XpR = self.XpR
						
						TextStatusBar_Initialize(self)
						self:RegisterEvent("CVAR_UPDATE")
						self.textLockable = 1
						self.cvar = "xpBarText"
						self.cvarLabel = "XP_BAR_TEXT"
						self.alwaysShow = true
						self.tooltipAnchorPoint = "ANCHOR_RIGHT"
					</OnLoad>
					<OnEvent>
						if event == "CVAR_UPDATE" then
							TextStatusBar_OnEvent(self, event, ...)
						end
					</OnEvent>
					<OnShow>
						if GetCVar("xpBarText") == "1" then
							TextStatusBar_UpdateTextString(self)
						end
						self:SetFrameLevel(self:GetParent():GetFrameLevel() - 1)
					</OnShow>
					<OnEnter>
						TextStatusBar_UpdateTextString(self)
						BlizzActionBar_StatusBars_ShowTooltip(self)				
					</OnEnter>
					<OnLeave>
						GameTooltip:Hide()
					</OnLeave>
					<OnUpdate>
					</OnUpdate>
					<OnValueChanged>
						if not self:IsShown() then
							return
						end
						TextStatusBar_OnValueChanged(self)
					</OnValueChanged>
				</Scripts>
				<BarTexture file="Interface\TargetingFrame\UI-StatusBar"/>
				<BarColor r="0" g="0.0" b="0" a="0"/>
			</StatusBar>
			<Frame name="$parentHealthFrame" parentKey="healthFrame">
				<Size x="100" y="100"/>
				<Anchors>
					<Anchor point="BOTTOMRIGHT" relativeTo="$parentEndCapL" x="16" y="16"/>
				</Anchors>	
				<Frames>
					<StatusBar name="$parentHealthBar" drawLayer="ARTWORK" inherits="TextStatusBar" orientation="VERTICAL" rotatesTexture="true" parentKey="healthBar">
						<Size x="32" y="54"/>
						<Anchors>
							<Anchor point="BOTTOMRIGHT" relativeTo="$parent"/>
						</Anchors>
						<Layers>
							<Layer level="BACKGROUND">
								<Texture name="$parentBackground1" parentKey="HealthBarBG1">
									<Size x="58" y="94"/>
									<Anchors>
										<Anchor point="BOTTOM" y="-16"/>
									</Anchors>
									<TexCoords left="0.5" right="0.6132813" top="0.359375" bottom="0.5429688"/>
								</Texture>
							</Layer>
							<Layer level="BORDER">
								<Texture name="$parentBackground2" parentKey="HealthBarBG2">
									<Size x="42" y="70"/>
									<Anchors>
										<Anchor point="BOTTOM" y="-8"/>
									</Anchors>
									<TexCoords left="0.09765625" right="0.1914063" top="0.5136719" bottom="0.6972656"/>
								</Texture>
							</Layer>
							<Layer level="OVERLAY">
								<Texture name="$parentOverlay" parentKey="HealthBarOverlay">
									<Size x="42" y="70"/>
									<Anchors>
										<Anchor point="BOTTOM" y="-8"/>
									</Anchors>
									<TexCoords left="0.001953125" right="0.09570313" top="0.5136719" bottom="0.6972656"/>
								</Texture>
								<FontString name="$parentText" inherits="TextStatusBarText" parentKey="text">
									<Anchors>
										<Anchor point="CENTER" x="0" y="3"/>
									</Anchors>
								</FontString>
							</Layer>
						</Layers>
						<Scripts>
							<OnLoad>
								--Used to set the skin
								local parent = self:GetParent():GetParent()
								parent.HealthBarBG1 = self.HealthBarBG1
								parent.HealthBarBG2 = self.HealthBarBG2
								parent.HealthBarOverlay = self.HealthBarOverlay
								
								TextStatusBar_Initialize(self)
								self.textLockable = 1
								self.cvar = "playerStatusText"
								self.cvarLabel = "STATUS_TEXT_PLAYER"
								self.showPercentage = true
								self.prefix = HEALTH
								self.tooltipAnchorPoint = "ANCHOR_LEFT"
								self.alwaysShow = true
								self.ignoreNoUnit = true
								UnitFrameHealthBar_Initialize("player", self, self.text, true)
							</OnLoad>
							<OnValueChanged>
								UnitFrameHealthBar_OnValueChanged(self, value)
								BlizzActionBar_StatusBars_ShowTooltip(self)
							</OnValueChanged>
							<OnEnter function="BlizzActionBar_StatusBars_ShowTooltip"/>
						</Scripts>
						<BarTexture file="Interface\TargetingFrame\UI-StatusBar"/>
					</StatusBar>
				</Frames>
			</Frame>
			<Frame name="$parentPowerFrame" parentKey="powerFrame">
				<Size x="100" y="100"/>
				<Anchors>
					<Anchor point="BOTTOMLEFT" relativeTo="$parentEndCapR" x="-16" y="16"/>
				</Anchors>
				<Frames>
					<StatusBar name="$parentPowerBar" drawLayer="ARTWORK" inherits="TextStatusBar" orientation="VERTICAL" rotatesTexture="true"  parentKey="powerBar">
						<Size x="32" y="54"/>
						<Anchors>
							<Anchor point="BOTTOMLEFT" relativeTo="$parent"/>
						</Anchors>
						<Layers>
							<Layer level="BACKGROUND">
								<Texture name="$parentBackground1" parentKey="PowerBarBG1">
									<Size x="58" y="94"/>
									<Anchors>
										<Anchor point="BOTTOM" y="-16"/>
									</Anchors>
									<TexCoords left="0.5" right="0.6132813" top="0.359375" bottom="0.5429688"/>
								</Texture>
							</Layer>
							<Layer level="BORDER">
								<Texture name="$parentBackground2" parentKey="PowerBarBG2">
									<Size x="42" y="70"/>
									<Anchors>
										<Anchor point="BOTTOM" y="-8"/>
									</Anchors>
									<TexCoords left="0.09765625" right="0.1914063" top="0.5136719" bottom="0.6972656"/>
								</Texture>
							</Layer>
							<Layer level="OVERLAY">
								<Texture name="$parentOverlay" parentKey="PowerBarOverlay">
									<Size x="42" y="70"/>
									<Anchors>
										<Anchor point="BOTTOM" y="-8"/>
									</Anchors>
									<TexCoords left="0.001953125" right="0.09570313" top="0.5136719" bottom="0.6972656"/>
								</Texture>
								<FontString name="$parentText" inherits="TextStatusBarText" parentKey="text">
									<Anchors>
										<Anchor point="CENTER" x="0" y="3"/>
									</Anchors>
								</FontString>
							</Layer>
						</Layers>
						<Scripts>
							<OnLoad>
								--Used to set the skin
								local parent = self:GetParent():GetParent()
								parent.PowerBarBG1 = self.PowerBarBG1
								parent.PowerBarBG2 = self.PowerBarBG2
								parent.PowerBarOverlay = self.PowerBarOverlay
							
								TextStatusBar_Initialize(self)
								self.textLockable = 1
								self.cvar = "playerStatusText"
								self.cvarLabel = "STATUS_TEXT_PLAYER"
								self.showPercentage = true
								self.tooltipAnchorPoint = "ANCHOR_RIGHT"
								self.alwaysShow = true
								self.ignoreNoUnit = true
								UnitFrameManaBar_Initialize ("player", self, self.text, true)
							</OnLoad>
							<OnValueChanged function="BlizzActionBar_StatusBars_ShowTooltip"/>
							<OnEnter function="BlizzActionBar_StatusBars_ShowTooltip"/>
						</Scripts>
						<BarTexture file="Interface\TargetingFrame\UI-StatusBar"/>
					</StatusBar>
				</Frames>
			</Frame>
		</Frames>
		<Scripts>
			<OnLoad function="BlizzActionBar_OnLoad"/>
			<OnEvent function="BlizzActionBar_OnEvent"/>
			<OnShow>
				MainMenuBar:SetFrameStrata("BACKGROUND")
			</OnShow>
		</Scripts>
	</Frame>
	<Frame name="MultiCastActionButtonFrame" parent="MultiCastActionBarFrame">
		<Size>
			<AbsDimension x="230" y="38"/>
		</Size>
		<Anchors>
			<Anchor point="BOTTOMLEFT" relativeTo="BlizzActionBar" relativePoint="TOPLEFT">
				<Offset>
					<AbsDimension x="144" y="23"/>
				</Offset>
			</Anchor>
		</Anchors>
	</Frame>
</Ui>
