<Ui xmlns="http://www.blizzard.com/wow/ui/" xmlns:xsi="http://www.w3.org/2001/XMLSchema-instance" xsi:schemaLocation="http://www.blizzard.com/wow/ui/
..\FrameXML\UI.xsd">
	<Script file="MiniMap.lua"/>
	<Frame name="BlizzMiniMap" frameStrata="BACKGROUND" frameLevel="2" parent="MinimapCluster">
		<Animations>
		   <AnimationGroup parentKey="anim">
				<Scale scaleX="1" scaleY="0" endDelay="0.2" duration="0.3" order="1">
					 <Origin point="TOP">
						<Offset x="0" y="0"/>
					 </Origin>
				</Scale>
				<Scripts>
					<OnFinished>
						BlizzArt_ValidateTransition(BlizzMiniMap)
					</OnFinished>
				</Scripts>
			</AnimationGroup>
		</Animations>
		<Size x="140" y="16"/>
		<Anchors>
			<Anchor point="TOP" x="-2" y="-5"/>
		</Anchors>
		<Layers>
			<Layer level="BACKGROUND">
				<Texture name="$parentBG" setallpoints="true" parentKey="BG">
					<TexCoords left="0" right="1" top="0.1738281" bottom="0.3574219"/>
				</Texture>
			</Layer>
		</Layers>
		<Scripts>
			<OnLoad function="BlizzMiniMap_OnLoad"/>
			<OnEvent function="BlizzMiniMap_OnEvent"/>
		</Scripts>
	</Frame>
	<Frame name="BlizzMiniMapButton" frameStrata="LOW" parent="MinimapCluster">
		<Size x="32" y="32"/>
		<Anchors>
			<Anchor point="TOPLEFT">
				<Offset x="20" y="-35"/>
			</Anchor>
		</Anchors>
		<Layers>
			<Layer level="BACKGROUND">
				<Texture name="$parentBackground" file="Interface\Minimap\UI-Minimap-Background">
					<Size x="25" y="25"/>
					<Anchors>
						<Anchor point="TOPLEFT">
							<Offset x="2" y="-4"/>
						</Anchor>
					</Anchors>
					<Color r="1" g="1" b="1" a="0.6"/>
				</Texture>
			</Layer>
			<Layer level="ARTWORK">
				<Texture name="$parentIcon" file="Interface\AddOns\BlizzArtUI\Texture\OBJECTICONS">
					<Size x="20" y="20"/>
					<Anchors>
						<Anchor point="TOPLEFT">
							<Offset x="6" y="-6"/>
						</Anchor>
					</Anchors>
					<TexCoords left="0.125" right="0.25" top="0.5" bottom="0.625"/>
				</Texture>
			</Layer>
			<Layer level="OVERLAY">
				<Texture name="$parentIconOverlay" hidden="true">
					<Anchors>
						<Anchor point="TOPLEFT" relativeTo="$parentIcon"/>
						<Anchor point="BOTTOMRIGHT" relativeTo="$parentIcon"/>
					</Anchors>
					<Color r="0.0" g="0.0" b="0.0" a="0.5"/>
				</Texture>
			</Layer>
		</Layers>
		<Frames>
			<Frame name="$parentDropDown" inherits="UIDropDownMenuTemplate" clampedToScreen="true" id="1" hidden="true">
				<Scripts>
					<OnLoad function="BlizzMiniMapButtonDropDown_OnLoad"/>
				</Scripts>
			</Frame>
			<Button name="$parentButton">
				<Size x="32" y="32"/>
				<Anchors>
					<Anchor point="TOPLEFT"/>
				</Anchors>
				<Layers>
					<Layer level="BORDER">
						<Texture name="$parentBorder" file="Interface\Minimap\MiniMap-TrackingBorder">
							<Size x="54" y="54"/>
							<Anchors>
								<Anchor point="TOPLEFT"/>
							</Anchors>
						</Texture>
					</Layer>
				</Layers>
				<Scripts>
					<OnClick>
						ToggleDropDownMenu(1, nil, BlizzMiniMapButtonDropDown, "BlizzMiniMapButton", 0, -5)
						PlaySound("igMainMenuOptionCheckBoxOn")
					</OnClick>
					<OnMouseDown>
						BlizzMiniMapButtonIcon:SetPoint("TOPLEFT", BlizzMiniMapButton, "TOPLEFT", 8, -8)
						BlizzMiniMapButtonIconOverlay:Show()
					</OnMouseDown>
					<OnMouseUp>
						BlizzMiniMapButtonIcon:SetPoint("TOPLEFT", BlizzMiniMapButton, "TOPLEFT", 6, -6)
						BlizzMiniMapButtonIconOverlay:Hide()
					</OnMouseUp>
					<OnEnter>
						GameTooltip:SetOwner(self, "ANCHOR_LEFT")
						GameTooltip:SetText("UI Skins", 1, 1, 1)
						GameTooltip:AddLine("Click to enable and disable UI skins.", nil, nil, nil, 1)
						GameTooltip:Show()
					</OnEnter>
					<OnLeave>
						GameTooltip:Hide()
					</OnLeave>
				</Scripts>
				<HighlightTexture alphaMode="ADD" file="Interface\Minimap\UI-Minimap-ZoomButton-Highlight"/>
			</Button>
		</Frames>
	</Frame>
</Ui>
