<Ui xmlns="http://www.blizzard.com/wow/ui/" xmlns:xsi="http://www.w3.org/2001/XMLSchema-instance" xsi:schemaLocation="http://www.blizzard.com/wow/ui/
..\FrameXML\UI.xsd">
	<Script file="UnitFrame.lua"/>
	<Frame name="BlizzUnitFrameTemplate" frameLevel="2" virtual="true">
		<Animations>
		   <AnimationGroup parentKey="anim">
				<Scale scaleX="1" scaleY="0" endDelay="0.2" duration="0.3" order="1">
					 <Origin point="BOTTOM">
						<Offset x="0" y="0"/>
					 </Origin>
				</Scale>
				<Scripts>
					<OnFinished>
						BlizzArt_ValidateTransition(self:GetParent())
					</OnFinished>
				</Scripts>
			</AnimationGroup>
		</Animations>
		<Size x="120" y="20"/>
		<Layers>
			<Layer level="BACKGROUND" textureSubLevel="-1">
				<Texture name="$parentBG" parentKey="BG">
					<TexCoords left="0" right="1" top="0.1738281" bottom="0.3574219"/>
				</Texture>
			</Layer>
		</Layers>
		<Scripts>
			<OnLoad function="BlizzUnitFrame_OnLoad"/>
			<OnEvent function="BlizzUnitFrame_OnEvent"/>
		</Scripts>
	</Frame>
	<Frame name="BlizzPlayerFrame" inherits="BlizzUnitFrameTemplate" parent="PlayerFrame">
		<Anchors>
			<Anchor point="TOPLEFT" relativeTo="$parent" x="105" y="-22"/>
		</Anchors>
	</Frame>
	<Frame name="BlizzTargetFrame" inherits="BlizzUnitFrameTemplate" parent="TargetFrame">
		<Anchors>
			<Anchor point="TOPRIGHT" relativeTo="$parent" x="-105" y="-22"/>
		</Anchors>
	</Frame>
	<Frame name="BlizzFocusFrame" inherits="BlizzUnitFrameTemplate" parent="FocusFrame">
		<Anchors>
			<Anchor point="TOPRIGHT" relativeTo="$parent" x="-105" y="-22"/>
		</Anchors>
	</Frame>
</Ui>
